reaction_id,source_file,line,classification,heading,raw,condition_text,context_before,context_after
LIT_0001,26-06-15 黄酮化合物的结构.md,91,flavonoid_synthesis,黄酮结构多样性 / C-烷基化黄酮 / 异戊烯基黄酮,Oc1cc([R])c(C)c(C)c1>>Oc1c(CC=C(C)C)c([R])c(C)c(C)c1,根据取代基侧链长度、氧化程度和是否成环，可将异戊烯基黄酮分为以下几类：,"`$smiles=C1Oc2c(C=O)c(O)cc(OC)c2CC1c3ccc(O)c4C=CC(C)(C)Oc43`kanzonol O || ##### 异戊烯基黄酮 || 异戊烯基黄酮的多数为C-异戊烯基黄酮，而只有少数为O-异戊烯基黄酮。异戊烯基黄酮广义上指黄酮分子中含有链长为 $\ce{ C5, C10, C15}$ 的取代基，由于这些取代基本身含有双键等易反应性的官能团，因此能以多种形式存在于黄酮分子中。 || 【异戊烯基化】 || ```smiles",``` || 【\[O]】 || ```smiles || Oc1c(CC=C(C)C)c([R])c(C)c(C)c1>>Oc1c(CC2OC2(C)C)c([R])c(C)c(C)c1 || ```
LIT_0002,26-06-15 黄酮化合物的结构.md,95,flavonoid_synthesis,黄酮结构多样性 / C-烷基化黄酮 / 异戊烯基黄酮,Oc1c(CC=C(C)C)c([R])c(C)c(C)c1>>Oc1c(CC2OC2(C)C)c([R])c(C)c(C)c1,根据取代基侧链长度、氧化程度和是否成环，可将异戊烯基黄酮分为以下几类： - $\ce{ C5}$ 侧链：异戊烯基及其不同氧化态,```smiles || Oc1cc([R])c(C)c(C)c1>>Oc1c(CC=C(C)C)c([R])c(C)c(C)c1 || ``` || 【\[O]】 || ```smiles,``` || 根据取代基侧链长度、氧化程度和是否成环，可将异戊烯基黄酮分为以下几类： || - 链状异戊烯基取代基 || - $\ce{ C5}$ 侧链：异戊烯基及其不同氧化态 || - `$smiles=*CC=C(C)C`
LIT_0012,26-06-18 黄酮化合物的生物合成.md,74,biosynthesis,,Oc1ccc(C=CC(=O)[R])cc1.[R]C(=O)CC(=O)[O-]>>Oc1ccc(C=CC(=O)CC(=O)CC(=O)CC(=O)[R])cc1,"由对羟基桂皮酰辅酶A和丙二酸单酰辅酶A首先形成聚酮中间体，聚酮中间体有两种缩合方式：其一通过羟醛缩合形成二苯乙烯，其二通过 Claisen 缩合。而 Claisen 缩合又有两种方式，一种方式是聚酮中间体通过 Claisen 缩合形成柚皮素型查耳酮，再继续经 Michael 亲核加成形成二氢黄酮型柚皮素；另一种方式是聚酮中间体经由还原型辅酶Ⅱ还原，再经 Claisen 缩合形成查耳酮型异甘草素，再继续经 Michael 亲核加成形成二氢黄酮型甘草素。 - 合成二氢黄酮甘草素：还原（还原型辅酶II） `$smiles=Oc1ccc(C=CC(=O)CC(=O)CC(=O)CC(=O)[R])cc1>>Oc1ccc(C=CC(=O)CC(O)CC(=O)CC(=O)[R])cc1` 再 Claisen 缩合得到查耳酮异甘草素 `$smiles=Oc1ccc(C=CC(=O)CC(O)CC(=O)CC(=O)[R])cc1>>c1cc(O)ccc1C=CC(=O)c2c(O)cc(O)cc2` 再发生OH对alpha, beta-不饱和酮的 Michael 亲核加成得到二氢黄酮 `$smiles=c1cc(O)ccc1C=CC(=O)c2ccc(O)cc(O)2>>c1cc(O)ccc1[C@@H]2Oc3cc(O)ccc3C(=O)C2` 以二氢黄酮型化合物如柚皮素和圣草酚等为起始物，在氧和2-酮戊二酸（AKG，`$smiles=OC(=O)C(=O)CCC(O)=O`）的作用下，可以生成黄酮型芹菜素和木犀草素、二氢黄酮醇型二氢山柰酚和二氢槲皮素、黄酮醇型山柰酚和槲皮素等。",- 环化：产生 coumaronochromone `$smiles=c2cc3OC=C(c1c(O)cccc1)C(=O)c3cc2>>c1cccc2C(=O)C3(O)c4ccccc4OC3Oc21` `$smiles=c1cccc2C(=O)C3(O)c4ccccc4OC3Oc21>>c1cccc2C(=O)C=3c4ccccc4OC3Oc21` || - coumestan `$smiles=c2cc3OCC(c1c(O)cccc1)C(=O)c3cc2>>c2cc3OCC(c1c(O)cccc1)=Cc3cc2` `$smiles=c2cc3OCC(c1c(O)cccc1)=Cc3cc2>>c2cc3OC(=O)C(c1c(O)cccc1)=Cc3cc2` `$smiles=c2cc3OC(=O)C(c1c(O)cccc1)=Cc3cc2>>c1cccc2C=3Oc4ccccc4C3C(=O)O21` || - 紫檀素 `$smiles=c12ccccc1CC(c3c(O)cccc3)CO2>>c12ccccc1C4Oc3ccccc3C4CO2.c12ccccc1C4Oc3ccccc3C(O)4CO2.c12ccccc1C4Oc3ccccc3C=4CO2` || 由对羟基桂皮酰辅酶A和丙二酸单酰辅酶A首先形成聚酮中间体，聚酮中间体有两种缩合方式：其一通过羟醛缩合形成二苯乙烯，其二通过 Claisen 缩合。而 Claisen 缩合又有两种方式，一种方式是聚酮中间体通过 Claisen 缩合形成柚皮素型查耳酮，再继续经 Michael 亲核加成形成二氢黄酮型柚皮素；另一种方式是聚酮中间体经由还原型辅酶Ⅱ还原，再经 Claisen 缩合形成查耳酮型异甘草素，再继续经 Michael 亲核加成形成二氢黄酮型甘草素。 || ![[Pasted image 20260618224418.png]],"- 合成二苯乙烯白藜芦醇：羟醛缩合 `$smiles=Oc1ccc(C=CC(=O)CC(=O)CC(=O)CC(=O)[R])cc1>>c1cc(O)ccc1C=Cc2c(C(=O)O)c(O)cc(O)c2` 再和$\ce{ CO2}$ 反应得到二苯乙烯 `$smiles=c1cc(O)ccc1C=Cc2c(C(=O)O)c(O)cc(O)c2.O=C=O>>c1cc(O)ccc1C=Cc2cc(O)cc(O)c2` || - 合成二氢黄酮柚皮素：Claisen 缩合（查耳酮合酶作用下） 得到柚皮素性查耳酮`$smiles=Oc1ccc(C=CC(=O)CC(=O)CC(=O)CC(=O)[R])cc1>>c1cc(O)ccc1C=CC(=O)c2c(O)cc(O)cc(O)2` 再发生OH对alpha, beta-不饱和酮的 Michael 亲核加成得到二氢黄酮 `$smiles=c1cc(O)ccc1C=CC(=O)c2c(O)cc(O)cc(O)2>>c1cc(O)ccc1[C@@H]2Oc3cc(O)cc(O)c3C(=O)C2` || - 合成二氢黄酮甘草素：还原（还原型辅酶II） `$smiles=Oc1ccc(C=CC(=O)CC(=O)CC(=O)CC(=O)[R])cc1>>Oc1ccc(C=CC(=O)CC(O)CC(=O)CC(=O)[R])cc1` 再 Claisen 缩合得到查耳酮异甘草素 `$smiles=Oc1ccc(C=CC(=O)CC(O)CC(=O)CC(=O)[R])cc1>>c1cc(O)ccc1C=CC(=O)c2c(O)cc(O)cc2` 再发生OH对alpha, beta-不饱和酮的 Michael 亲核加成得到二氢黄酮 `$smiles=c1cc(O)ccc1C=CC(=O)c2ccc(O)cc(O)2>>c1cc(O)ccc1[C@@H]2Oc3cc(O)ccc3C(=O)C2` || ### 黄酮类、黄酮醇类、花色素类和儿茶素类的生物合成途径 || 以二氢黄酮型化合物如柚皮素和圣草酚等为起始物，在氧和2-酮戊二酸（AKG，`$smiles=OC(=O)C(=O)CCC(O)=O`）的作用下，可以生成黄酮型芹菜素和木犀草素、二氢黄酮醇型二氢山柰酚和二氢槲皮素、黄酮醇型山柰酚和槲皮素等。"
LIT_0013,26-06-18 黄酮化合物的生物合成.md,75,biosynthesis,,Oc1ccc(C=CC(=O)CC(=O)CC(=O)CC(=O)[R])cc1>>c1cc(O)ccc1C=Cc2c(C(=O)O)c(O)cc(O)c2,"由对羟基桂皮酰辅酶A和丙二酸单酰辅酶A首先形成聚酮中间体，聚酮中间体有两种缩合方式：其一通过羟醛缩合形成二苯乙烯，其二通过 Claisen 缩合。而 Claisen 缩合又有两种方式，一种方式是聚酮中间体通过 Claisen 缩合形成柚皮素型查耳酮，再继续经 Michael 亲核加成形成二氢黄酮型柚皮素；另一种方式是聚酮中间体经由还原型辅酶Ⅱ还原，再经 Claisen 缩合形成查耳酮型异甘草素，再继续经 Michael 亲核加成形成二氢黄酮型甘草素。 - 合成二氢黄酮甘草素：还原（还原型辅酶II） `$smiles=Oc1ccc(C=CC(=O)CC(=O)CC(=O)CC(=O)[R])cc1>>Oc1ccc(C=CC(=O)CC(O)CC(=O)CC(=O)[R])cc1` 再 Claisen 缩合得到查耳酮异甘草素 `$smiles=Oc1ccc(C=CC(=O)CC(O)CC(=O)CC(=O)[R])cc1>>c1cc(O)ccc1C=CC(=O)c2c(O)cc(O)cc2` 再发生OH对alpha, beta-不饱和酮的 Michael 亲核加成得到二氢黄酮 `$smiles=c1cc(O)ccc1C=CC(=O)c2ccc(O)cc(O)2>>c1cc(O)ccc1[C@@H]2Oc3cc(O)ccc3C(=O)C2` 以二氢黄酮型化合物如柚皮素和圣草酚等为起始物，在氧和2-酮戊二酸（AKG，`$smiles=OC(=O)C(=O)CCC(O)=O`）的作用下，可以生成黄酮型芹菜素和木犀草素、二氢黄酮醇型二氢山柰酚和二氢槲皮素、黄酮醇型山柰酚和槲皮素等。 二氢黄酮醇型化合物在还原型辅酶Ⅱ作用下可以生成黄烷双醇或无色花色素型化合物；如果黄烷双醇或无色花色素型化合物继续反应有两种方式，一种是在还原型辅酶Ⅱ作用下可以被还原成儿茶素型化合物，另一种是氧化再脱水可以生成花青素型化合物。",- coumestan `$smiles=c2cc3OCC(c1c(O)cccc1)C(=O)c3cc2>>c2cc3OCC(c1c(O)cccc1)=Cc3cc2` `$smiles=c2cc3OCC(c1c(O)cccc1)=Cc3cc2>>c2cc3OC(=O)C(c1c(O)cccc1)=Cc3cc2` `$smiles=c2cc3OC(=O)C(c1c(O)cccc1)=Cc3cc2>>c1cccc2C=3Oc4ccccc4C3C(=O)O21` || - 紫檀素 `$smiles=c12ccccc1CC(c3c(O)cccc3)CO2>>c12ccccc1C4Oc3ccccc3C4CO2.c12ccccc1C4Oc3ccccc3C(O)4CO2.c12ccccc1C4Oc3ccccc3C=4CO2` || 由对羟基桂皮酰辅酶A和丙二酸单酰辅酶A首先形成聚酮中间体，聚酮中间体有两种缩合方式：其一通过羟醛缩合形成二苯乙烯，其二通过 Claisen 缩合。而 Claisen 缩合又有两种方式，一种方式是聚酮中间体通过 Claisen 缩合形成柚皮素型查耳酮，再继续经 Michael 亲核加成形成二氢黄酮型柚皮素；另一种方式是聚酮中间体经由还原型辅酶Ⅱ还原，再经 Claisen 缩合形成查耳酮型异甘草素，再继续经 Michael 亲核加成形成二氢黄酮型甘草素。 || ![[Pasted image 20260618224418.png]] || - 1 对羟基桂皮酰辅酶A + 3 丙二酰辅酶A 加合：R = -SCoA `$smiles=Oc1ccc(C=CC(=O)[R])cc1.[R]C(=O)CC(=O)[O-]>>Oc1ccc(C=CC(=O)CC(=O)CC(=O)CC(=O)[R])cc1`,"- 合成二氢黄酮柚皮素：Claisen 缩合（查耳酮合酶作用下） 得到柚皮素性查耳酮`$smiles=Oc1ccc(C=CC(=O)CC(=O)CC(=O)CC(=O)[R])cc1>>c1cc(O)ccc1C=CC(=O)c2c(O)cc(O)cc(O)2` 再发生OH对alpha, beta-不饱和酮的 Michael 亲核加成得到二氢黄酮 `$smiles=c1cc(O)ccc1C=CC(=O)c2c(O)cc(O)cc(O)2>>c1cc(O)ccc1[C@@H]2Oc3cc(O)cc(O)c3C(=O)C2` || - 合成二氢黄酮甘草素：还原（还原型辅酶II） `$smiles=Oc1ccc(C=CC(=O)CC(=O)CC(=O)CC(=O)[R])cc1>>Oc1ccc(C=CC(=O)CC(O)CC(=O)CC(=O)[R])cc1` 再 Claisen 缩合得到查耳酮异甘草素 `$smiles=Oc1ccc(C=CC(=O)CC(O)CC(=O)CC(=O)[R])cc1>>c1cc(O)ccc1C=CC(=O)c2c(O)cc(O)cc2` 再发生OH对alpha, beta-不饱和酮的 Michael 亲核加成得到二氢黄酮 `$smiles=c1cc(O)ccc1C=CC(=O)c2ccc(O)cc(O)2>>c1cc(O)ccc1[C@@H]2Oc3cc(O)ccc3C(=O)C2` || ### 黄酮类、黄酮醇类、花色素类和儿茶素类的生物合成途径 || 以二氢黄酮型化合物如柚皮素和圣草酚等为起始物，在氧和2-酮戊二酸（AKG，`$smiles=OC(=O)C(=O)CCC(O)=O`）的作用下，可以生成黄酮型芹菜素和木犀草素、二氢黄酮醇型二氢山柰酚和二氢槲皮素、黄酮醇型山柰酚和槲皮素等。 || 二氢黄酮醇型化合物在还原型辅酶Ⅱ作用下可以生成黄烷双醇或无色花色素型化合物；如果黄烷双醇或无色花色素型化合物继续反应有两种方式，一种是在还原型辅酶Ⅱ作用下可以被还原成儿茶素型化合物，另一种是氧化再脱水可以生成花青素型化合物。"
LIT_0015,26-06-18 黄酮化合物的生物合成.md,76,biosynthesis,,Oc1ccc(C=CC(=O)CC(=O)CC(=O)CC(=O)[R])cc1>>c1cc(O)ccc1C=CC(=O)c2c(O)cc(O)cc(O)2,"由对羟基桂皮酰辅酶A和丙二酸单酰辅酶A首先形成聚酮中间体，聚酮中间体有两种缩合方式：其一通过羟醛缩合形成二苯乙烯，其二通过 Claisen 缩合。而 Claisen 缩合又有两种方式，一种方式是聚酮中间体通过 Claisen 缩合形成柚皮素型查耳酮，再继续经 Michael 亲核加成形成二氢黄酮型柚皮素；另一种方式是聚酮中间体经由还原型辅酶Ⅱ还原，再经 Claisen 缩合形成查耳酮型异甘草素，再继续经 Michael 亲核加成形成二氢黄酮型甘草素。 - 合成二氢黄酮甘草素：还原（还原型辅酶II） `$smiles=Oc1ccc(C=CC(=O)CC(=O)CC(=O)CC(=O)[R])cc1>>Oc1ccc(C=CC(=O)CC(O)CC(=O)CC(=O)[R])cc1` 再 Claisen 缩合得到查耳酮异甘草素 `$smiles=Oc1ccc(C=CC(=O)CC(O)CC(=O)CC(=O)[R])cc1>>c1cc(O)ccc1C=CC(=O)c2c(O)cc(O)cc2` 再发生OH对alpha, beta-不饱和酮的 Michael 亲核加成得到二氢黄酮 `$smiles=c1cc(O)ccc1C=CC(=O)c2ccc(O)cc(O)2>>c1cc(O)ccc1[C@@H]2Oc3cc(O)ccc3C(=O)C2` 以二氢黄酮型化合物如柚皮素和圣草酚等为起始物，在氧和2-酮戊二酸（AKG，`$smiles=OC(=O)C(=O)CCC(O)=O`）的作用下，可以生成黄酮型芹菜素和木犀草素、二氢黄酮醇型二氢山柰酚和二氢槲皮素、黄酮醇型山柰酚和槲皮素等。 二氢黄酮醇型化合物在还原型辅酶Ⅱ作用下可以生成黄烷双醇或无色花色素型化合物；如果黄烷双醇或无色花色素型化合物继续反应有两种方式，一种是在还原型辅酶Ⅱ作用下可以被还原成儿茶素型化合物，另一种是氧化再脱水可以生成花青素型化合物。",- 紫檀素 `$smiles=c12ccccc1CC(c3c(O)cccc3)CO2>>c12ccccc1C4Oc3ccccc3C4CO2.c12ccccc1C4Oc3ccccc3C(O)4CO2.c12ccccc1C4Oc3ccccc3C=4CO2` || 由对羟基桂皮酰辅酶A和丙二酸单酰辅酶A首先形成聚酮中间体，聚酮中间体有两种缩合方式：其一通过羟醛缩合形成二苯乙烯，其二通过 Claisen 缩合。而 Claisen 缩合又有两种方式，一种方式是聚酮中间体通过 Claisen 缩合形成柚皮素型查耳酮，再继续经 Michael 亲核加成形成二氢黄酮型柚皮素；另一种方式是聚酮中间体经由还原型辅酶Ⅱ还原，再经 Claisen 缩合形成查耳酮型异甘草素，再继续经 Michael 亲核加成形成二氢黄酮型甘草素。 || ![[Pasted image 20260618224418.png]] || - 1 对羟基桂皮酰辅酶A + 3 丙二酰辅酶A 加合：R = -SCoA `$smiles=Oc1ccc(C=CC(=O)[R])cc1.[R]C(=O)CC(=O)[O-]>>Oc1ccc(C=CC(=O)CC(=O)CC(=O)CC(=O)[R])cc1` || - 合成二苯乙烯白藜芦醇：羟醛缩合 `$smiles=Oc1ccc(C=CC(=O)CC(=O)CC(=O)CC(=O)[R])cc1>>c1cc(O)ccc1C=Cc2c(C(=O)O)c(O)cc(O)c2` 再和$\ce{ CO2}$ 反应得到二苯乙烯 `$smiles=c1cc(O)ccc1C=Cc2c(C(=O)O)c(O)cc(O)c2.O=C=O>>c1cc(O)ccc1C=Cc2cc(O)cc(O)c2`,"- 合成二氢黄酮甘草素：还原（还原型辅酶II） `$smiles=Oc1ccc(C=CC(=O)CC(=O)CC(=O)CC(=O)[R])cc1>>Oc1ccc(C=CC(=O)CC(O)CC(=O)CC(=O)[R])cc1` 再 Claisen 缩合得到查耳酮异甘草素 `$smiles=Oc1ccc(C=CC(=O)CC(O)CC(=O)CC(=O)[R])cc1>>c1cc(O)ccc1C=CC(=O)c2c(O)cc(O)cc2` 再发生OH对alpha, beta-不饱和酮的 Michael 亲核加成得到二氢黄酮 `$smiles=c1cc(O)ccc1C=CC(=O)c2ccc(O)cc(O)2>>c1cc(O)ccc1[C@@H]2Oc3cc(O)ccc3C(=O)C2` || ### 黄酮类、黄酮醇类、花色素类和儿茶素类的生物合成途径 || 以二氢黄酮型化合物如柚皮素和圣草酚等为起始物，在氧和2-酮戊二酸（AKG，`$smiles=OC(=O)C(=O)CCC(O)=O`）的作用下，可以生成黄酮型芹菜素和木犀草素、二氢黄酮醇型二氢山柰酚和二氢槲皮素、黄酮醇型山柰酚和槲皮素等。 || 二氢黄酮醇型化合物在还原型辅酶Ⅱ作用下可以生成黄烷双醇或无色花色素型化合物；如果黄烷双醇或无色花色素型化合物继续反应有两种方式，一种是在还原型辅酶Ⅱ作用下可以被还原成儿茶素型化合物，另一种是氧化再脱水可以生成花青素型化合物。"
LIT_0017,26-06-18 黄酮化合物的生物合成.md,77,biosynthesis,,Oc1ccc(C=CC(=O)CC(=O)CC(=O)CC(=O)[R])cc1>>Oc1ccc(C=CC(=O)CC(O)CC(=O)CC(=O)[R])cc1,由对羟基桂皮酰辅酶A和丙二酸单酰辅酶A首先形成聚酮中间体，聚酮中间体有两种缩合方式：其一通过羟醛缩合形成二苯乙烯，其二通过 Claisen 缩合。而 Claisen 缩合又有两种方式，一种方式是聚酮中间体通过 Claisen 缩合形成柚皮素型查耳酮，再继续经 Michael 亲核加成形成二氢黄酮型柚皮素；另一种方式是聚酮中间体经由还原型辅酶Ⅱ还原，再经 Claisen 缩合形成查耳酮型异甘草素，再继续经 Michael 亲核加成形成二氢黄酮型甘草素。 以二氢黄酮型化合物如柚皮素和圣草酚等为起始物，在氧和2-酮戊二酸（AKG，`$smiles=OC(=O)C(=O)CCC(O)=O`）的作用下，可以生成黄酮型芹菜素和木犀草素、二氢黄酮醇型二氢山柰酚和二氢槲皮素、黄酮醇型山柰酚和槲皮素等。 二氢黄酮醇型化合物在还原型辅酶Ⅱ作用下可以生成黄烷双醇或无色花色素型化合物；如果黄烷双醇或无色花色素型化合物继续反应有两种方式，一种是在还原型辅酶Ⅱ作用下可以被还原成儿茶素型化合物，另一种是氧化再脱水可以生成花青素型化合物。,"由对羟基桂皮酰辅酶A和丙二酸单酰辅酶A首先形成聚酮中间体，聚酮中间体有两种缩合方式：其一通过羟醛缩合形成二苯乙烯，其二通过 Claisen 缩合。而 Claisen 缩合又有两种方式，一种方式是聚酮中间体通过 Claisen 缩合形成柚皮素型查耳酮，再继续经 Michael 亲核加成形成二氢黄酮型柚皮素；另一种方式是聚酮中间体经由还原型辅酶Ⅱ还原，再经 Claisen 缩合形成查耳酮型异甘草素，再继续经 Michael 亲核加成形成二氢黄酮型甘草素。 || ![[Pasted image 20260618224418.png]] || - 1 对羟基桂皮酰辅酶A + 3 丙二酰辅酶A 加合：R = -SCoA `$smiles=Oc1ccc(C=CC(=O)[R])cc1.[R]C(=O)CC(=O)[O-]>>Oc1ccc(C=CC(=O)CC(=O)CC(=O)CC(=O)[R])cc1` || - 合成二苯乙烯白藜芦醇：羟醛缩合 `$smiles=Oc1ccc(C=CC(=O)CC(=O)CC(=O)CC(=O)[R])cc1>>c1cc(O)ccc1C=Cc2c(C(=O)O)c(O)cc(O)c2` 再和$\ce{ CO2}$ 反应得到二苯乙烯 `$smiles=c1cc(O)ccc1C=Cc2c(C(=O)O)c(O)cc(O)c2.O=C=O>>c1cc(O)ccc1C=Cc2cc(O)cc(O)c2` || - 合成二氢黄酮柚皮素：Claisen 缩合（查耳酮合酶作用下） 得到柚皮素性查耳酮`$smiles=Oc1ccc(C=CC(=O)CC(=O)CC(=O)CC(=O)[R])cc1>>c1cc(O)ccc1C=CC(=O)c2c(O)cc(O)cc(O)2` 再发生OH对alpha, beta-不饱和酮的 Michael 亲核加成得到二氢黄酮 `$smiles=c1cc(O)ccc1C=CC(=O)c2c(O)cc(O)cc(O)2>>c1cc(O)ccc1[C@@H]2Oc3cc(O)cc(O)c3C(=O)C2`",### 黄酮类、黄酮醇类、花色素类和儿茶素类的生物合成途径 || 以二氢黄酮型化合物如柚皮素和圣草酚等为起始物，在氧和2-酮戊二酸（AKG，`$smiles=OC(=O)C(=O)CCC(O)=O`）的作用下，可以生成黄酮型芹菜素和木犀草素、二氢黄酮醇型二氢山柰酚和二氢槲皮素、黄酮醇型山柰酚和槲皮素等。 || 二氢黄酮醇型化合物在还原型辅酶Ⅱ作用下可以生成黄烷双醇或无色花色素型化合物；如果黄烷双醇或无色花色素型化合物继续反应有两种方式，一种是在还原型辅酶Ⅱ作用下可以被还原成儿茶素型化合物，另一种是氧化再脱水可以生成花青素型化合物。 || ![[Pasted image 20260619161037.png]]
LIT_0018,26-06-18 黄酮化合物的生物合成.md,77,biosynthesis,,Oc1ccc(C=CC(=O)CC(O)CC(=O)CC(=O)[R])cc1>>c1cc(O)ccc1C=CC(=O)c2c(O)cc(O)cc2,由对羟基桂皮酰辅酶A和丙二酸单酰辅酶A首先形成聚酮中间体，聚酮中间体有两种缩合方式：其一通过羟醛缩合形成二苯乙烯，其二通过 Claisen 缩合。而 Claisen 缩合又有两种方式，一种方式是聚酮中间体通过 Claisen 缩合形成柚皮素型查耳酮，再继续经 Michael 亲核加成形成二氢黄酮型柚皮素；另一种方式是聚酮中间体经由还原型辅酶Ⅱ还原，再经 Claisen 缩合形成查耳酮型异甘草素，再继续经 Michael 亲核加成形成二氢黄酮型甘草素。 以二氢黄酮型化合物如柚皮素和圣草酚等为起始物，在氧和2-酮戊二酸（AKG，`$smiles=OC(=O)C(=O)CCC(O)=O`）的作用下，可以生成黄酮型芹菜素和木犀草素、二氢黄酮醇型二氢山柰酚和二氢槲皮素、黄酮醇型山柰酚和槲皮素等。 二氢黄酮醇型化合物在还原型辅酶Ⅱ作用下可以生成黄烷双醇或无色花色素型化合物；如果黄烷双醇或无色花色素型化合物继续反应有两种方式，一种是在还原型辅酶Ⅱ作用下可以被还原成儿茶素型化合物，另一种是氧化再脱水可以生成花青素型化合物。,"由对羟基桂皮酰辅酶A和丙二酸单酰辅酶A首先形成聚酮中间体，聚酮中间体有两种缩合方式：其一通过羟醛缩合形成二苯乙烯，其二通过 Claisen 缩合。而 Claisen 缩合又有两种方式，一种方式是聚酮中间体通过 Claisen 缩合形成柚皮素型查耳酮，再继续经 Michael 亲核加成形成二氢黄酮型柚皮素；另一种方式是聚酮中间体经由还原型辅酶Ⅱ还原，再经 Claisen 缩合形成查耳酮型异甘草素，再继续经 Michael 亲核加成形成二氢黄酮型甘草素。 || ![[Pasted image 20260618224418.png]] || - 1 对羟基桂皮酰辅酶A + 3 丙二酰辅酶A 加合：R = -SCoA `$smiles=Oc1ccc(C=CC(=O)[R])cc1.[R]C(=O)CC(=O)[O-]>>Oc1ccc(C=CC(=O)CC(=O)CC(=O)CC(=O)[R])cc1` || - 合成二苯乙烯白藜芦醇：羟醛缩合 `$smiles=Oc1ccc(C=CC(=O)CC(=O)CC(=O)CC(=O)[R])cc1>>c1cc(O)ccc1C=Cc2c(C(=O)O)c(O)cc(O)c2` 再和$\ce{ CO2}$ 反应得到二苯乙烯 `$smiles=c1cc(O)ccc1C=Cc2c(C(=O)O)c(O)cc(O)c2.O=C=O>>c1cc(O)ccc1C=Cc2cc(O)cc(O)c2` || - 合成二氢黄酮柚皮素：Claisen 缩合（查耳酮合酶作用下） 得到柚皮素性查耳酮`$smiles=Oc1ccc(C=CC(=O)CC(=O)CC(=O)CC(=O)[R])cc1>>c1cc(O)ccc1C=CC(=O)c2c(O)cc(O)cc(O)2` 再发生OH对alpha, beta-不饱和酮的 Michael 亲核加成得到二氢黄酮 `$smiles=c1cc(O)ccc1C=CC(=O)c2c(O)cc(O)cc(O)2>>c1cc(O)ccc1[C@@H]2Oc3cc(O)cc(O)c3C(=O)C2`",### 黄酮类、黄酮醇类、花色素类和儿茶素类的生物合成途径 || 以二氢黄酮型化合物如柚皮素和圣草酚等为起始物，在氧和2-酮戊二酸（AKG，`$smiles=OC(=O)C(=O)CCC(O)=O`）的作用下，可以生成黄酮型芹菜素和木犀草素、二氢黄酮醇型二氢山柰酚和二氢槲皮素、黄酮醇型山柰酚和槲皮素等。 || 二氢黄酮醇型化合物在还原型辅酶Ⅱ作用下可以生成黄烷双醇或无色花色素型化合物；如果黄烷双醇或无色花色素型化合物继续反应有两种方式，一种是在还原型辅酶Ⅱ作用下可以被还原成儿茶素型化合物，另一种是氧化再脱水可以生成花青素型化合物。 || ![[Pasted image 20260619161037.png]]
LIT_0020,26-06-18 黄酮化合物的生物合成.md,157,biosynthesis,二氢查耳酮类的生物合成途径,*Oc3cc(O)c4c(c3)O[C@H](c1cc([R])c([R])cc1)CC4=O.[OH-]>>Oc1cc(O*)cc(O)c1C(=O)C=Cc2cc([R])c([R])cc2,由二氢黄酮醇型化合物如柚皮苷或新陈皮苷在碱的作用下C环开环，形成查耳酮类化合物，随后催化氢化得到二氢查耳酮型化合物，如柚皮苷二氢查耳酮或新陈皮苷二氢查耳酮。,- 天竺葵色素 `$smiles=c1c(O)c(-c2ccc(O)cc2)[o+]c2cc(O)cc(O)c12` || - 花青素 `$smiles=c1c(O)c(-c2cc(O)c(O)cc2)[o+]c2cc(O)cc(O)c12` || ### 二氢查耳酮类的生物合成途径 || 由二氢黄酮醇型化合物如柚皮苷或新陈皮苷在碱的作用下C环开环，形成查耳酮类化合物，随后催化氢化得到二氢查耳酮型化合物，如柚皮苷二氢查耳酮或新陈皮苷二氢查耳酮。 || ![[Pasted image 20260619163251.png]],* * =  Glu-(2-1)-Rha，B-C3为R2，B-C4为R1 || - 柚皮苷：R1 = OH，R2 = H || - 新橙皮苷：R1 = OMe，R2 = OH || `$smiles=Oc1cc(O*)cc(O)c1C(=O)C=Cc2cc([R])c([R])cc2.[HH]>>Oc1cc(O*)cc(O)c1C(=O)CCc2cc([R])c([R])cc2` || - * =  Glu-(2-1)-Rha，B-C3为R2，B-C4为R1
LIT_0021,26-06-18 黄酮化合物的生物合成.md,162,biosynthesis,二氢查耳酮类的生物合成途径,Oc1cc(O*)cc(O)c1C(=O)C=Cc2cc([R])c([R])cc2.[HH]>>Oc1cc(O*)cc(O)c1C(=O)CCc2cc([R])c([R])cc2,"异黄酮的生物合成也是以二氢黄酮醇型化合物如柚皮素和甘草素为起始物，在还原型辅酶Ⅱ和氧作用下，经自由基氧化形成C环3位为自由基的中间体，再通过1,2-位芳基迁移将芳环迁移至3位，然后在细胞色素P-450酶作用下，形成异黄酮型化合物如大豆苷元和染料木素。",![[Pasted image 20260619163251.png]] || `$smiles=*Oc3cc(O)c4c(c3)O[C@H](c1cc([R])c([R])cc1)CC4=O.[OH-]>>Oc1cc(O*)cc(O)c1C(=O)C=Cc2cc([R])c([R])cc2` || * * =  Glu-(2-1)-Rha，B-C3为R2，B-C4为R1 || - 柚皮苷：R1 = OH，R2 = H || - 新橙皮苷：R1 = OMe，R2 = OH,"- * =  Glu-(2-1)-Rha，B-C3为R2，B-C4为R1 || - 柚皮苷二氢查耳酮：R1 = OH，R2 = H || - 新橙皮苷二氢查耳酮：R1 = OMe，R2 = OH || ### 异黄酮的生物合成途径 || 异黄酮的生物合成也是以二氢黄酮醇型化合物如柚皮素和甘草素为起始物，在还原型辅酶Ⅱ和氧作用下，经自由基氧化形成C环3位为自由基的中间体，再通过1,2-位芳基迁移将芳环迁移至3位，然后在细胞色素P-450酶作用下，形成异黄酮型化合物如大豆苷元和染料木素。"
LIT_0022,26-06-18 黄酮化合物的生物合成.md,171,biosynthesis,异黄酮的生物合成途径,O=C1C[C@H](c2ccc(O)cc2)Oc2cc(O)cc([R])c21.O=[Fe]-*>>O=C1[CH][C@H](c2ccc(O)cc2)Oc2cc(O)ccc21.O-[Fe]-*,"异黄酮的生物合成也是以二氢黄酮醇型化合物如柚皮素和甘草素为起始物，在还原型辅酶Ⅱ和氧作用下，经自由基氧化形成C环3位为自由基的中间体，再通过1,2-位芳基迁移将芳环迁移至3位，然后在细胞色素P-450酶作用下，形成异黄酮型化合物如大豆苷元和染料木素。 黄酮（甘草素：R = H，柚皮素：R = OH）经$\ce{ O2}$和还原型辅酶II自由基氧化（$\ce{ O=Fe-Enz}$攻击C环3-H拔氢产生自由基）形成中间体，* = Enz 自由基与还原型辅酶进一步反应，夺取羟基自由基 `$smiles=O=C1[C@@H](c2ccc(O)cc2)[CH]Oc2cc(O)ccc21.O[Fe]*>>O=C1[C@@H](c2ccc(O)cc2)[C@@H](O)Oc2cc(O)ccc21.[Fe]=*`","- 柚皮苷二氢查耳酮：R1 = OH，R2 = H || - 新橙皮苷二氢查耳酮：R1 = OMe，R2 = OH || ### 异黄酮的生物合成途径 || 异黄酮的生物合成也是以二氢黄酮醇型化合物如柚皮素和甘草素为起始物，在还原型辅酶Ⅱ和氧作用下，经自由基氧化形成C环3位为自由基的中间体，再通过1,2-位芳基迁移将芳环迁移至3位，然后在细胞色素P-450酶作用下，形成异黄酮型化合物如大豆苷元和染料木素。 || 黄酮（甘草素：R = H，柚皮素：R = OH）经$\ce{ O2}$和还原型辅酶II自由基氧化（$\ce{ O=Fe-Enz}$攻击C环3-H拔氢产生自由基）形成中间体，* = Enz","随后，发生1,2-芳基迁移 `$smiles=O=C1[CH][C@H](c2ccc(O)cc2)Oc2cc(O)ccc21>>O=C1[C@@H](c2ccc(O)cc2)[CH]Oc2cc(O)ccc21` || 自由基与还原型辅酶进一步反应，夺取羟基自由基 `$smiles=O=C1[C@@H](c2ccc(O)cc2)[CH]Oc2cc(O)ccc21.O[Fe]*>>O=C1[C@@H](c2ccc(O)cc2)[C@@H](O)Oc2cc(O)ccc21.[Fe]=*` || 最后脱水形成芳环，形成异黄酮（大豆苷元：R = H；染料木素：R = OH） || `$smiles=O=C1[C@@H](c2ccc(O)cc2)[C@@H](O)Oc2cc(O)ccc21>>O.c1oc2cc(O)cc([R])c2c(=O)c1c3ccc(O)cc3` || 异黄酮型化合物如大豆苷元可以继续作为起始物，生成紫檀素型化合物如美迪紫檀素和豌豆素、鱼藤酮型化合物如鱼藤酮、配糖型化合物如香豆雌酚。"
LIT_0024,26-06-18 黄酮化合物的生物合成.md,173,biosynthesis,异黄酮的生物合成途径,O=C1[C@@H](c2ccc(O)cc2)[CH]Oc2cc(O)ccc21.O[Fe]*>>O=C1[C@@H](c2ccc(O)cc2)[C@@H](O)Oc2cc(O)ccc21.[Fe]=*,"异黄酮的生物合成也是以二氢黄酮醇型化合物如柚皮素和甘草素为起始物，在还原型辅酶Ⅱ和氧作用下，经自由基氧化形成C环3位为自由基的中间体，再通过1,2-位芳基迁移将芳环迁移至3位，然后在细胞色素P-450酶作用下，形成异黄酮型化合物如大豆苷元和染料木素。 黄酮（甘草素：R = H，柚皮素：R = OH）经$\ce{ O2}$和还原型辅酶II自由基氧化（$\ce{ O=Fe-Enz}$攻击C环3-H拔氢产生自由基）形成中间体，* = Enz","### 异黄酮的生物合成途径 || 异黄酮的生物合成也是以二氢黄酮醇型化合物如柚皮素和甘草素为起始物，在还原型辅酶Ⅱ和氧作用下，经自由基氧化形成C环3位为自由基的中间体，再通过1,2-位芳基迁移将芳环迁移至3位，然后在细胞色素P-450酶作用下，形成异黄酮型化合物如大豆苷元和染料木素。 || 黄酮（甘草素：R = H，柚皮素：R = OH）经$\ce{ O2}$和还原型辅酶II自由基氧化（$\ce{ O=Fe-Enz}$攻击C环3-H拔氢产生自由基）形成中间体，* = Enz || `$smiles=O=C1C[C@H](c2ccc(O)cc2)Oc2cc(O)cc([R])c21.O=[Fe]-*>>O=C1[CH][C@H](c2ccc(O)cc2)Oc2cc(O)ccc21.O-[Fe]-*` || 随后，发生1,2-芳基迁移 `$smiles=O=C1[CH][C@H](c2ccc(O)cc2)Oc2cc(O)ccc21>>O=C1[C@@H](c2ccc(O)cc2)[CH]Oc2cc(O)ccc21`",最后脱水形成芳环，形成异黄酮（大豆苷元：R = H；染料木素：R = OH） || `$smiles=O=C1[C@@H](c2ccc(O)cc2)[C@@H](O)Oc2cc(O)ccc21>>O.c1oc2cc(O)cc([R])c2c(=O)c1c3ccc(O)cc3` || 异黄酮型化合物如大豆苷元可以继续作为起始物，生成紫檀素型化合物如美迪紫檀素和豌豆素、鱼藤酮型化合物如鱼藤酮、配糖型化合物如香豆雌酚。 || ![[Pasted image 20260620194012.png]]
LIT_0025,26-06-18 黄酮化合物的生物合成.md,175,biosynthesis,异黄酮的生物合成途径,O=C1[C@@H](c2ccc(O)cc2)[C@@H](O)Oc2cc(O)ccc21>>O.c1oc2cc(O)cc([R])c2c(=O)c1c3ccc(O)cc3,"异黄酮的生物合成也是以二氢黄酮醇型化合物如柚皮素和甘草素为起始物，在还原型辅酶Ⅱ和氧作用下，经自由基氧化形成C环3位为自由基的中间体，再通过1,2-位芳基迁移将芳环迁移至3位，然后在细胞色素P-450酶作用下，形成异黄酮型化合物如大豆苷元和染料木素。 黄酮（甘草素：R = H，柚皮素：R = OH）经$\ce{ O2}$和还原型辅酶II自由基氧化（$\ce{ O=Fe-Enz}$攻击C环3-H拔氢产生自由基）形成中间体，* = Enz 自由基与还原型辅酶进一步反应，夺取羟基自由基 `$smiles=O=C1[C@@H](c2ccc(O)cc2)[CH]Oc2cc(O)ccc21.O[Fe]*>>O=C1[C@@H](c2ccc(O)cc2)[C@@H](O)Oc2cc(O)ccc21.[Fe]=*`","黄酮（甘草素：R = H，柚皮素：R = OH）经$\ce{ O2}$和还原型辅酶II自由基氧化（$\ce{ O=Fe-Enz}$攻击C环3-H拔氢产生自由基）形成中间体，* = Enz || `$smiles=O=C1C[C@H](c2ccc(O)cc2)Oc2cc(O)cc([R])c21.O=[Fe]-*>>O=C1[CH][C@H](c2ccc(O)cc2)Oc2cc(O)ccc21.O-[Fe]-*` || 随后，发生1,2-芳基迁移 `$smiles=O=C1[CH][C@H](c2ccc(O)cc2)Oc2cc(O)ccc21>>O=C1[C@@H](c2ccc(O)cc2)[CH]Oc2cc(O)ccc21` || 自由基与还原型辅酶进一步反应，夺取羟基自由基 `$smiles=O=C1[C@@H](c2ccc(O)cc2)[CH]Oc2cc(O)ccc21.O[Fe]*>>O=C1[C@@H](c2ccc(O)cc2)[C@@H](O)Oc2cc(O)ccc21.[Fe]=*` || 最后脱水形成芳环，形成异黄酮（大豆苷元：R = H；染料木素：R = OH）",异黄酮型化合物如大豆苷元可以继续作为起始物，生成紫檀素型化合物如美迪紫檀素和豌豆素、鱼藤酮型化合物如鱼藤酮、配糖型化合物如香豆雌酚。 || ![[Pasted image 20260620194012.png]] || 大豆苷元（异黄酮）生成香豆雌酚（coumestan） `$smiles=c1oc2cc(O)ccc2c(=O)c1c3ccc(O)cc3>>c1c(O)ccc2C(Oc3cc(O)ccc34)=C4C(=O)Oc21` || 大豆苷元（异黄酮）生成刺芒柄花素（异黄酮） `$smiles=c1oc2cc(O)ccc2c(=O)c1c3ccc(O)cc3>>c1oc2cc(O)ccc2c(=O)c1c3ccc(OC)cc3`
LIT_0034,26-06-18 黄酮化合物的生物合成.md,190,biosynthesis,异黄酮的生物合成途径,Oc1ccc2C(=O)[C@H]3c4cc(OC)c(OC)cc4OC[C@H]3Oc2c1.CC(=C)=CC*>>Oc1ccc2C(=O)[C@H]3c4cc(OC)c(OC)cc4OC[C@H]3Oc2c1CC=C(C)C,1. 异黄酮甲氧基氧化 `$smiles=c1oc2cc(O)ccc2c(=O)c1c3c(OC)cc(OC)c(OC)c3>>c1oc2cc(O)ccc2c(=O)c1c3c([O+]=C)cc(OC)c(OC)c3` 3. 氢离子氢化还原得到去甲基明杜西酮 `$smiles=Oc1ccc2C(=O)C3=C4C=C(OC)C(OC)=CC4=[O+]CC3Oc2c1.[H-]>>Oc1ccc2C(=O)[C@H]3c4cc(OC)c(OC)cc4OC[C@H]3Oc2c1`,刺芒柄花素进一步生成一种鱼藤酮型黄酮`$smiles=c1oc2cc(O)ccc2c(=O)c1c3ccc(OC)cc3>>C=C(C)[C@H]1Oc2ccc3C(=O)[C@H]4c5cc(OC)c(OC)cc5OC[C@H]4Oc3c2C1` || 具体的合成例子：鱼藤酮和鱼藤素的生物合成 || 1. 异黄酮甲氧基氧化 `$smiles=c1oc2cc(O)ccc2c(=O)c1c3c(OC)cc(OC)c(OC)c3>>c1oc2cc(O)ccc2c(=O)c1c3c([O+]=C)cc(OC)c(OC)c3` || 2. 电子转移环化 `$smiles=c1oc2cc(O)ccc2c(=O)c1c3c([O+]=C)cc(OC)c(OC)c3>>Oc1ccc2C(=O)C3=C4C=C(OC)C(OC)=CC4=[O+]CC3Oc2c1` || 3. 氢离子氢化还原得到去甲基明杜西酮 `$smiles=Oc1ccc2C(=O)C3=C4C=C(OC)C(OC)=CC4=[O+]CC3Oc2c1.[H-]>>Oc1ccc2C(=O)[C@H]3c4cc(OC)c(OC)cc4OC[C@H]3Oc2c1`,5. 若发生五元环的环化：生成鱼藤酮 `$smiles=Oc1ccc2C(=O)[C@H]3c4cc(OC)c(OC)cc4OC[C@H]3Oc2c1CC=C(C)C>>C=C(C)[C@H]5Oc1ccc2C(=O)[C@H]3c4cc(OC)c(OC)cc4OC[C@H]3Oc2c1C5` || 6. 若发生六元环的环化：生成鱼藤素 `$smiles=Oc1ccc2C(=O)[C@H]3c4cc(OC)c(OC)cc4OC[C@H]3Oc2c1CC=C(C)C>>CC(C)5Oc1ccc2C(=O)[C@H]3c4cc(OC)c(OC)cc4OC[C@H]3Oc2c1C=C5` || ### 其他黄酮类的生物合成途径 || 黄酮苯丙素类是一类结构比较特殊的化合物，其生物合成途径是通过自由基的偶合而形成的。 || 紫衫叶素的4′-羟基形成氧自由基，和松柏醇形成的自由基进行偶合，偶合形成的中间体进行分子内的亲核加成，形成具有二噁烷结构的水飞蓟素的两个非对映异构体。
LIT_0088,26-06-25 黄酮化合物的性质.md,247,glycosylation,"4.5 黄酮化合物的化学降解[4,5] / 4.5.2 黄酮苷的水解 / 4.5.2.1 氧苷黄酮",*Oc1cc(O)c2c(=O)c(O*)c(-c3ccc(O)cc3)oc2c1.[HH]>>*Oc1cc(O)c2c(=O)c(O)c(-c3ccc(O)cc3)oc2c1,"3-O-葡萄糖苷、山柰酚和槲皮素的半乳糖苷、鼠李糖苷，以及山柰酚的7-O-葡萄糖苷可以归为第一类，即易水解类型，因为它们通常在上述反应中3～6min便可水解完全，其中3-O-鼠李糖苷是最容易的。大部分的黄酮苷都属于第二种类型，即较易水解的情况，例如4′-O-葡萄糖苷水解完全需要10min。芹菜素-7-O-葡萄糖苷需要15min，另外槲皮素7-O-葡萄糖苷、山柰酚、二氢山柰酚，和柚皮素7-O-葡萄糖苷需25min，甲基花青素（peonidein）、矢车菊素3-O-葡萄糖苷、毛地黄黄酮7-O-葡萄糖苷、山柰酚-3-O-葡萄糖醛酸苷需45min，芹菜素-（3-甲基花青素）-5-O-葡萄糖苷、槲皮素-3-O-葡萄糖醛酸苷需60min。难水解的情况包括山柰酚和槲皮素的7-O-葡萄糖醛酸苷和芹菜素4′-O-葡萄糖醛酸苷，需180min。还有水解更为缓慢的，芹菜素-7-O-葡糖苷酸的水解，需要250min。 此外如山柰酚-3-O-芹菜糖-7-O-鼠李糖苷，不同条件下水解产物见图4.17。 2. 5% H2SO4, 100°C, 3h （1. 产物经相同条件也会得到相同产物）",3-O-葡萄糖苷、山柰酚和槲皮素的半乳糖苷、鼠李糖苷，以及山柰酚的7-O-葡萄糖苷可以归为第一类，即易水解类型，因为它们通常在上述反应中3～6min便可水解完全，其中3-O-鼠李糖苷是最容易的。大部分的黄酮苷都属于第二种类型，即较易水解的情况，例如4′-O-葡萄糖苷水解完全需要10min。芹菜素-7-O-葡萄糖苷需要15min，另外槲皮素7-O-葡萄糖苷、山柰酚、二氢山柰酚，和柚皮素7-O-葡萄糖苷需25min，甲基花青素（peonidein）、矢车菊素3-O-葡萄糖苷、毛地黄黄酮7-O-葡萄糖苷、山柰酚-3-O-葡萄糖醛酸苷需45min，芹菜素-（3-甲基花青素）-5-O-葡萄糖苷、槲皮素-3-O-葡萄糖醛酸苷需60min。难水解的情况包括山柰酚和槲皮素的7-O-葡萄糖醛酸苷和芹菜素4′-O-葡萄糖醛酸苷，需180min。还有水解更为缓慢的，芹菜素-7-O-葡糖苷酸的水解，需要250min。 || 此外如山柰酚-3-O-芹菜糖-7-O-鼠李糖苷，不同条件下水解产物见图4.17。 || - 山柰酚-3-O-芹菜糖-7-O-鼠李糖苷 A环\* = Rha，C环\* = Api：`$smiles=*Oc1cc(O)c2c(=O)c(O*)c(-c3ccc(O)cc3)oc2c1` || 1.  0.5 mol/L HCl，100°C，2 min || ```smiles,"``` || 2. 5% H2SO4, 100°C, 3h （1. 产物经相同条件也会得到相同产物） || ```smiles || *Oc1cc(O)c2c(=O)c(O)c(-c3ccc(O)cc3)oc2c1.[H+]>>O=c1c(O)c(-c2ccc(O)cc2)oc2cc(O)cc(O)c12 || ```"
LIT_0089,26-06-25 黄酮化合物的性质.md,251,glycosylation,"4.5 黄酮化合物的化学降解[4,5] / 4.5.2 黄酮苷的水解 / 4.5.2.1 氧苷黄酮",*Oc1cc(O)c2c(=O)c(O)c(-c3ccc(O)cc3)oc2c1.[H+]>>O=c1c(O)c(-c2ccc(O)cc2)oc2cc(O)cc(O)c12,"此外如山柰酚-3-O-芹菜糖-7-O-鼠李糖苷，不同条件下水解产物见图4.17。 2. 5% H2SO4, 100°C, 3h （1. 产物经相同条件也会得到相同产物） 黄酮-5-O-葡萄糖苷在酸存在的情况下极易水解，这样往往导致5-O-葡萄糖苷发生水解而变为苷元，从而很难分离得到黄酮-5-O-葡萄糖苷。Glennie CW和Harborne JB曾对此类反应进行研究，结果表明化合物樨草素、麦黄酮和一些黄酮醇的5-O-葡萄糖苷要比相应的7-O-葡萄糖苷更易发生水解反应。例如，水解掉50%毛地黄黄酮5-O-葡萄糖苷需要10s，而相应的水解50%毛地黄黄酮7-O-葡萄糖则需要20min的时间；Geibel M和Feucht W于1991年发现黄酮5-O-葡萄糖苷在乙酸、草酸、苹果酸的存在下也能发生水解，异黄酮和黄酮的5-O-葡萄糖在1mol/L苹果酸60℃下很容易发生水解，而二氢黄酮的5-O葡萄糖在这种条件下却相对稳定，黄酮7-O-葡萄糖苷在这种条件下较稳定，不易发生水解反应。 这些研究表明黄酮苷的水解速率：葡萄糖醛酸<葡萄糖<鼠李糖。不同位置的黄酮苷水解难易程度顺序为5>3>3′=5′>4′>7。","```smiles || *Oc1cc(O)c2c(=O)c(O*)c(-c3ccc(O)cc3)oc2c1.[HH]>>*Oc1cc(O)c2c(=O)c(O)c(-c3ccc(O)cc3)oc2c1 || ``` || 2. 5% H2SO4, 100°C, 3h （1. 产物经相同条件也会得到相同产物） || ```smiles",``` || 黄酮-5-O-葡萄糖苷在酸存在的情况下极易水解，这样往往导致5-O-葡萄糖苷发生水解而变为苷元，从而很难分离得到黄酮-5-O-葡萄糖苷。Glennie CW和Harborne JB曾对此类反应进行研究，结果表明化合物樨草素、麦黄酮和一些黄酮醇的5-O-葡萄糖苷要比相应的7-O-葡萄糖苷更易发生水解反应。例如，水解掉50%毛地黄黄酮5-O-葡萄糖苷需要10s，而相应的水解50%毛地黄黄酮7-O-葡萄糖则需要20min的时间；Geibel M和Feucht W于1991年发现黄酮5-O-葡萄糖苷在乙酸、草酸、苹果酸的存在下也能发生水解，异黄酮和黄酮的5-O-葡萄糖在1mol/L苹果酸60℃下很容易发生水解，而二氢黄酮的5-O葡萄糖在这种条件下却相对稳定，黄酮7-O-葡萄糖苷在这种条件下较稳定，不易发生水解反应。 || 这些研究表明黄酮苷的水解速率：葡萄糖醛酸<葡萄糖<鼠李糖。不同位置的黄酮苷水解难易程度顺序为5>3>3′=5′>4′>7。
LIT_0090,26-06-25 黄酮化合物的性质.md,271,flavonoid_synthesis,"4.5 黄酮化合物的化学降解[4,5] / 4.5.2 黄酮苷的水解 / 4.5.2.1 氧苷黄酮",*Oc1cc(O)c2c(=O)c(O*)c(-c3ccc(O)cc3)oc2c1>>*Oc1c(-c2ccc(O)cc2)oc2cc(O)cc(O)c2c1=O,,"用β-葡萄糖苷酶对各种黄酮醇糖苷水解速度进行比较。实验结果表明，水解速度（指的是在1h内水解完毕）最快的是3-O-葡萄糖、7-O-葡萄糖、4′-O葡萄糖、3,7-二-O葡萄糖、3,4′-二氧葡萄糖、3-O半乳糖苷。此外，7-O-葡萄糖-3-O-槐糖苷水解后，其唯一的产物是黄酮醇-3-O-槐糖苷。黄酮醇-3-O-龙胆二糖苷水解速度较慢，水解完全需要24h以上，而槐糖苷、鼠李糖苷和p-香豆酰葡萄糖苷都没有发生水解反应。 || 专一性酶水解可以有效地控制糖苷的水解程度，并可测定苷键及糖-糖连接的构型，这对研究寡糖苷尤其重要。例如：山柰酚-3-O-（4″-咖啡酰）昆布双糖-7-O-鼠李糖苷经α-鼠李糖苷酶水解得到山柰酚-3-O（4″-咖啡酰）昆布双糖苷，再经纤维素酶水解失去1分子葡萄糖，生成山柰酚-3-O-（4″-咖啡酰）葡萄糖苷（图4.18）。由此可证明咖啡酰残基连接在与苷元最近的一个糖上，并阐明了糖的连接顺序和连接位置。 || - 山柰酚-3-O-（4″-咖啡酰）昆布双糖-7-O-鼠李糖苷经α-鼠李糖苷：A环\* = Rha；C环\* = Glc(3-Glc)-4-caffeoyl `$smiles=*Oc1cc(O)c2c(=O)c(O*)c(-c3ccc(O)cc3)oc2c1` || 山柰酚-3-O-（4″-咖啡酰）昆布双糖-7-O-鼠李糖苷经α-鼠李糖苷酶水解得到山柰酚-3-O（4″-咖啡酰）昆布双糖苷 || ```smiles",``` || 再经纤维素酶水解失去1分子葡萄糖，生成山柰酚-3-O-（4″-咖啡酰）葡萄糖苷 || - 反应物的* = Glc(3-Glc)-4-caffeoyl，产物的* = Glc-caffeoyl || ```smiles || *Oc1c(-c2ccc(O)cc2)oc2cc(O)cc(O)c2c1=O>>*Oc1c(-c2ccc(O)cc2)oc2cc(O)cc(O)c2c1=O
LIT_0091,26-06-25 黄酮化合物的性质.md,276,glycosylation,"4.5 黄酮化合物的化学降解[4,5] / 4.5.2 黄酮苷的水解 / 4.5.2.1 氧苷黄酮",*Oc1c(-c2ccc(O)cc2)oc2cc(O)cc(O)c2c1=O>>*Oc1c(-c2ccc(O)cc2)oc2cc(O)cc(O)c2c1=O,C-苷黄酮上的糖不能通过酸水解除去，对于这样的化合物在强酸条件下也能给出一些相关的信息。用强酸处理C-苷黄酮会发生Wessely-Moser重排，如8-C-葡萄糖基芹菜素化合物牡荆素，在酸存在的情况下产生一个同分异构体6-C-葡萄糖基异构体异牡荆素，这样就可以通过色谱学方法区分，见图4.19。对于糖在6位和8位的二碳苷黄酮也会发生类似的反应。此外还会发生糖环异构化，如C-阿拉伯吡喃糖苷异构化为C-阿拉伯吡喃糖苷和呋喃糖苷的混合物。,*Oc1cc(O)c2c(=O)c(O*)c(-c3ccc(O)cc3)oc2c1>>*Oc1c(-c2ccc(O)cc2)oc2cc(O)cc(O)c2c1=O || ``` || 再经纤维素酶水解失去1分子葡萄糖，生成山柰酚-3-O-（4″-咖啡酰）葡萄糖苷 || - 反应物的* = Glc(3-Glc)-4-caffeoyl，产物的* = Glc-caffeoyl || ```smiles,``` || ##### 4.5.2.2 碳苷黄酮 || C-苷黄酮上的糖不能通过酸水解除去，对于这样的化合物在强酸条件下也能给出一些相关的信息。用强酸处理C-苷黄酮会发生Wessely-Moser重排，如8-C-葡萄糖基芹菜素化合物牡荆素，在酸存在的情况下产生一个同分异构体6-C-葡萄糖基异构体异牡荆素，这样就可以通过色谱学方法区分，见图4.19。对于糖在6位和8位的二碳苷黄酮也会发生类似的反应。此外还会发生糖环异构化，如C-阿拉伯吡喃糖苷异构化为C-阿拉伯吡喃糖苷和呋喃糖苷的混合物。
LIT_0094,26-06-25 黄酮化合物的性质.md,300,chalcone_synthesis,"4.5 黄酮化合物的化学降解[4,5] / 4.5.3 黄酮的互相转化",*Oc1ccc(C(=O)/C=C/c2ccc(O)c(O)c2)c(O)c1O>>*Oc1ccc2c(c1O)O/C(=C\c1ccc(O)c(O)c1)C2=O,查耳酮可被氧化生成相应的橙酮，橙酮经氰化钾溶液处理可转变为黄酮： 下面的* = Glu，为氧化反应,``` || #### 4.5.3 黄酮的互相转化 || 查耳酮可被氧化生成相应的橙酮，橙酮经氰化钾溶液处理可转变为黄酮： || 下面的* = Glu，为氧化反应 || ```smiles,``` || ```smiles || N#[C-][K+].O=C1/C(=C/c2ccccc2)Oc2ccccc21>>N#C/C(=C/C(=O)c1ccccc1[O-])c1ccccc1 || ``` || ```smiles
LIT_0101,26-06-26 黄酮化合物的合成.md,29,chalcone_synthesis,6.1 查耳酮类化合物的合成 / 6.1.1 羟醛缩合反应,c1cc(*)ccc1C(=C)[X].c1cc(*)ccc1C=O>>c1ccccc1C=CC(=C)c2ccccc2,"图6.1 Claisen-Schmidt反应合成查耳酮（两个苯环均可以有任意位点取代基，反应条件为酸或碱） 黄丹等在超声波条件下对查耳酮的合成进行了研究，结果表明该方法操作简单，反应速度快，产率高。在微波辐射下进行羟醛缩合反应，不仅可以提高产品收率，而且可以极大地缩短反应时间。 alpha-卤代苯乙烯在路易斯酸的催化下，与芳香醛室温发生类似羟醛缩合的反应，选择性地生成反式查耳酮(图6.2)。 - 反应条件：1. Lewis acid, rt, 24 h; 2. Et3N, CH2Cl2, 30 min",``` || 图6.1 Claisen-Schmidt反应合成查耳酮（两个苯环均可以有任意位点取代基，反应条件为酸或碱） || 黄丹等在超声波条件下对查耳酮的合成进行了研究，结果表明该方法操作简单，反应速度快，产率高。在微波辐射下进行羟醛缩合反应，不仅可以提高产品收率，而且可以极大地缩短反应时间。 || alpha-卤代苯乙烯在路易斯酸的催化下，与芳香醛室温发生类似羟醛缩合的反应，选择性地生成反式查耳酮(图6.2)。 || ```smiles,"``` || 图6.2 alpha-卤代苯乙烯与芳醛合成反式查耳酮 || - A环（卤代苯乙烯苯环）\* = H, Me, F, CF3；B环（芳香醛苯环）\* = CF3, NO2, Me || - 反应条件：1. Lewis acid, rt, 24 h; 2. Et3N, CH2Cl2, 30 min || #### 6.1.2 Heck 反应"
LIT_0105,26-06-26 黄酮化合物的合成.md,65,chalcone_synthesis,6.1 查耳酮类化合物的合成 / 6.1.3 Suzuki反应,B(O)(O)c1ccc(*)c([R])c1.[Cl]C(=O)C=Cc1ccccc1>>c1c([R])c(*)ccc1C(=O)C=Cc2ccccc2,"- 反应条件：3% Pd(OAc)2, 0.4 eq Cs2CO3, CH3CN, 82°C, 24 h Eddarir S等人采用Suzuki反应，即肉桂酰氯和苯基硼酸在Pd(0)和Cs2CO3催化下，以甲苯为溶剂快速简便地合成了查耳酮，产物收率大于80%（图6.5)。 - 反应条件：(PPh3)4Pb, Cs2CO3","- 烯醇类反应物包括 `$smiles=c1c(C(O)C=C)cccc1` `$smiles=c1c(C(O)C=C)ccc(C#N)c1` `$smiles=c1c(C(O)C=C)ccc(OCc2ccccc2)c(OCc3ccccc3)1` `$smiles=c1c(C(O)C=C)ccc(OC)c(OC)1` `$smiles=c1c(C(O)C=C)cc(OC)c(OC)c(OC)1` || - 反应条件：3% Pd(OAc)2, 0.4 eq Cs2CO3, CH3CN, 82°C, 24 h || #### 6.1.3 Suzuki反应 || Eddarir S等人采用Suzuki反应，即肉桂酰氯和苯基硼酸在Pd(0)和Cs2CO3催化下，以甲苯为溶剂快速简便地合成了查耳酮，产物收率大于80%（图6.5)。 || ```smiles","``` || 图6.5 Suzuki反应合成查耳酮 || - * = H, MeO；R = H, NO2, MeO, CF3 || - 反应条件：(PPh3)4Pb, Cs2CO3 || #### 6.1.4 芳香金属化合物的偶联反应"
LIT_0106,26-06-26 黄酮化合物的合成.md,75,chalcone_synthesis,6.1 查耳酮类化合物的合成 / 6.1.4 芳香金属化合物的偶联反应,c1ccccc1C=CC(=O).c1ccccc1[Li].[R][X]>>c1ccccc1C([R])CC(=O)c2ccccc2,"- 反应条件：(PPh3)4Pb, Cs2CO3 肉桂醛和卤化物与苯基锂发生级联反应，选择性地生成β-取代的二氢查耳酮(图6.6）。 - 反应条件：THF 此外，芳基锂与羧酸及其衍生物反应也可合成芳香酮。李良助等用芳基锂与肉桂酸及其酯反应合成了查耳酮(图6.7)。","- * = H, MeO；R = H, NO2, MeO, CF3 || - 反应条件：(PPh3)4Pb, Cs2CO3 || #### 6.1.4 芳香金属化合物的偶联反应 || 肉桂醛和卤化物与苯基锂发生级联反应，选择性地生成β-取代的二氢查耳酮(图6.6）。 || ```smiles",``` || 图6.6 肉桂醛和卤化物与苯基锂反应合成二氢查耳酮 || - 反应条件：THF || - R = `$smiles=*[Si](C)(C)C` `$smiles=*CCCCCC` `$smiles=*CCCCCCCC` `$smiles=*CC=C` `$smiles=*CC=CC` `$smiles=*C=Cc1ccccc1` || 此外，芳基锂与羧酸及其衍生物反应也可合成芳香酮。李良助等用芳基锂与肉桂酸及其酯反应合成了查耳酮(图6.7)。
LIT_0107,26-06-26 黄酮化合物的合成.md,84,biosynthesis,6.1 查耳酮类化合物的合成 / 6.1.4 芳香金属化合物的偶联反应,c1cc([X])ccc1C=CC(=O)O[R].[Li]c1ccc([Y])cc1>>c1cc([X])ccc1C=CC(=O)c2ccc([Y])cc2,"- 反应条件：THF 此外，芳基锂与羧酸及其衍生物反应也可合成芳香酮。李良助等用芳基锂与肉桂酸及其酯反应合成了查耳酮(图6.7)。 图6.7 芳基锂与羧酸衍生物合成查耳酮 采用芳基锡试剂，与取代肉桂酰氯在二(三苯基膦)二氯化镍催化下进行交叉偶联合成了查耳酮(图6.8),合成过程是按自由基链锁反应机理进行的。",图6.6 肉桂醛和卤化物与苯基锂反应合成二氢查耳酮 || - 反应条件：THF || - R = `$smiles=*[Si](C)(C)C` `$smiles=*CCCCCC` `$smiles=*CCCCCCCC` `$smiles=*CC=C` `$smiles=*CC=CC` `$smiles=*C=Cc1ccccc1` || 此外，芳基锂与羧酸及其衍生物反应也可合成芳香酮。李良助等用芳基锂与肉桂酸及其酯反应合成了查耳酮(图6.7)。 || ```smiles,"``` || 图6.7 芳基锂与羧酸衍生物合成查耳酮 || - R 为烷基；X = H, 2-OMe, 2,4-(OMe)2, 2,6-(OMe)2, 2,4,6-(OMe)3；Y = H, 4-OMe || 采用芳基锡试剂，与取代肉桂酰氯在二(三苯基膦)二氯化镍催化下进行交叉偶联合成了查耳酮(图6.8),合成过程是按自由基链锁反应机理进行的。"
LIT_0109,26-06-26 黄酮化合物的合成.md,106,chalcone_synthesis,6.1 查耳酮类化合物的合成 / 6.1.5 芳香叶立德与醛的偶联反应,[R]c1ccc(cc1)C(=O)C[Te+](CCCC)(CCCC)[Br-].[Ar]C=O>>[R]c1ccc(cc1)C(=O)C=C[Ar],"钟琦等报道了芳香碲叶立德与芳香醛在碱性条件下偶联制备查耳酮，收率64%-85%（图6.9）。 - 反应条件：K2CO3, THF-CH3CN 芳乙烯硒叶立德在强碱氢化钠或氢化钾的作用下，可以与芳醛选择性地生成反式查耳酮,且带有吸电子基团的苯甲醛的产率较高(图6.10)。","- X = H, Cl, Br, Me, OMe || - Y = H, Me, OMe || #### 6.1.5 芳香叶立德与醛的偶联反应 || 钟琦等报道了芳香碲叶立德与芳香醛在碱性条件下偶联制备查耳酮，收率64%-85%（图6.9）。 || ```smiles","``` || 图6.9 芳香碲叶立德与芳香醛合成查耳酮 || - 其中Ar表示芳香环 || - 反应条件：K2CO3, THF-CH3CN || 芳乙烯硒叶立德在强碱氢化钠或氢化钾的作用下，可以与芳醛选择性地生成反式查耳酮,且带有吸电子基团的苯甲醛的产率较高(图6.10)。"
LIT_0110,26-06-26 黄酮化合物的合成.md,115,chalcone_synthesis,6.1 查耳酮类化合物的合成 / 6.1.5 芳香叶立德与醛的偶联反应,[Ar]C=C[Se+](c1ccccc1)(c2ccccc2).C([F])([F])([F])S(=O)(=O)[O-].[R]C=O>>[Ar]/C=C/C(=O)[R],"- 反应条件：K2CO3, THF-CH3CN 芳乙烯硒叶立德在强碱氢化钠或氢化钾的作用下，可以与芳醛选择性地生成反式查耳酮,且带有吸电子基团的苯甲醛的产率较高(图6.10)。 - 反应条件：碱 在Cl3SiH/NEt3体系下，α-溴代苯乙酮可以和芳醛进行一锅反应，选择性生成反式查耳酮。反应按图6.11所示机理进行。加人0.1倍量的Ph3PO,可以使产率达到70%左右。","图6.9 芳香碲叶立德与芳香醛合成查耳酮 || - 其中Ar表示芳香环 || - 反应条件：K2CO3, THF-CH3CN || 芳乙烯硒叶立德在强碱氢化钠或氢化钾的作用下，可以与芳醛选择性地生成反式查耳酮,且带有吸电子基团的苯甲醛的产率较高(图6.10)。 || ```smiles","``` || 图6.10 芳乙烯硒叶立德与芳醛合成查耳酮 || - Ar, R：芳基 || - 反应条件：碱 || 在Cl3SiH/NEt3体系下，α-溴代苯乙酮可以和芳醛进行一锅反应，选择性生成反式查耳酮。反应按图6.11所示机理进行。加人0.1倍量的Ph3PO,可以使产率达到70%左右。"
LIT_0111,26-06-26 黄酮化合物的合成.md,125,chalcone_synthesis,6.1 查耳酮类化合物的合成 / 6.1.5 芳香叶立德与醛的偶联反应,[Br]CC(=O)[R].[Si](Cl)(Cl)(Cl)[H]>>[R]C(=C)O[Si](Cl)(Cl)(Cl),"- 反应条件：碱 在Cl3SiH/NEt3体系下，α-溴代苯乙酮可以和芳醛进行一锅反应，选择性生成反式查耳酮。反应按图6.11所示机理进行。加人0.1倍量的Ph3PO,可以使产率达到70%左右。 反应条件：NEt3 其中Ar和R均为芳基，两个产物均可进一步选择性产生反式查耳酮。","- Ar, R：芳基 || - 反应条件：碱 || 在Cl3SiH/NEt3体系下，α-溴代苯乙酮可以和芳醛进行一锅反应，选择性生成反式查耳酮。反应按图6.11所示机理进行。加人0.1倍量的Ph3PO,可以使产率达到70%左右。 || 反应条件：NEt3 || ```smiles",``` || ```smiles || [R]C(=C)O[Si](Cl)(Cl)(Cl).[Ar]C=O>>[Ar]C(O[Si](Cl)(Cl)(Cl))CC(=O)[R].[Ar]C(O)CC(=O)[R] || ``` || 其中Ar和R均为芳基，两个产物均可进一步选择性产生反式查耳酮。
LIT_0112,26-06-26 黄酮化合物的合成.md,128,chalcone_synthesis,6.1 查耳酮类化合物的合成 / 6.1.5 芳香叶立德与醛的偶联反应,[R]C(=C)O[Si](Cl)(Cl)(Cl).[Ar]C=O>>[Ar]C(O[Si](Cl)(Cl)(Cl))CC(=O)[R].[Ar]C(O)CC(=O)[R],"在Cl3SiH/NEt3体系下，α-溴代苯乙酮可以和芳醛进行一锅反应，选择性生成反式查耳酮。反应按图6.11所示机理进行。加人0.1倍量的Ph3PO,可以使产率达到70%左右。 反应条件：NEt3 其中Ar和R均为芳基，两个产物均可进一步选择性产生反式查耳酮。",反应条件：NEt3 || ```smiles || [Br]CC(=O)[R].[Si](Cl)(Cl)(Cl)[H]>>[R]C(=C)O[Si](Cl)(Cl)(Cl) || ``` || ```smiles,``` || 其中Ar和R均为芳基，两个产物均可进一步选择性产生反式查耳酮。 || ```smiles || [Ar]C(O[Si](Cl)(Cl)(Cl))CC(=O)[R]>>[Ar]/C=C/C(=O)[R] || ```
LIT_0113,26-06-26 黄酮化合物的合成.md,132,chalcone_synthesis,6.1 查耳酮类化合物的合成 / 6.1.5 芳香叶立德与醛的偶联反应,[Ar]C(O[Si](Cl)(Cl)(Cl))CC(=O)[R]>>[Ar]/C=C/C(=O)[R],其中Ar和R均为芳基，两个产物均可进一步选择性产生反式查耳酮。,```smiles || [R]C(=C)O[Si](Cl)(Cl)(Cl).[Ar]C=O>>[Ar]C(O[Si](Cl)(Cl)(Cl))CC(=O)[R].[Ar]C(O)CC(=O)[R] || ``` || 其中Ar和R均为芳基，两个产物均可进一步选择性产生反式查耳酮。 || ```smiles,``` || ```smiles || [Ar]C(O)CC(=O)[R]>>[Ar]/C=C/C(=O)[R] || ```
LIT_0114,26-06-26 黄酮化合物的合成.md,136,chalcone_synthesis,6.1 查耳酮类化合物的合成 / 6.1.5 芳香叶立德与醛的偶联反应,[Ar]C(O)CC(=O)[R]>>[Ar]/C=C/C(=O)[R],其中Ar和R均为芳基，两个产物均可进一步选择性产生反式查耳酮。,其中Ar和R均为芳基，两个产物均可进一步选择性产生反式查耳酮。 || ```smiles || [Ar]C(O[Si](Cl)(Cl)(Cl))CC(=O)[R]>>[Ar]/C=C/C(=O)[R] || ``` || ```smiles,``` || 图6.11 a-溴代苯乙酮与芳醛合成查耳酮 || #### 6.1.6 其他反应
LIT_0117,26-06-26 黄酮化合物的合成.md,160,chalcone_synthesis,6.1 查耳酮类化合物的合成 / 6.1.6 其他反应,[Ar][X].C#CC(O)c1ccccc1>>[Ar]C=CC(O)c1ccccc1,"含有吸电子基团的芳基卤化物与芳基1-炔丙基醇可以发生偶合-异构化反应(图6.13)。反应机理研究表明，此反应先在Pd/Cu催化下进行快速烷基化，随后在三乙胺存在下缓慢异构化。 - 反应条件：PdCl2(PPh3)2, CuI，NEt3, THF, 回流","c1ccccc1/C=C=C(O[Si](C)(C)C)/c2ccccc2>>c1ccccc1/C=C\C(=O)c2ccccc2 || ``` || 图6.12 1,3-二芳基-2-丙炔基三甲基硅醚合成查耳酮 || 含有吸电子基团的芳基卤化物与芳基1-炔丙基醇可以发生偶合-异构化反应(图6.13)。反应机理研究表明，此反应先在Pd/Cu催化下进行快速烷基化，随后在三乙胺存在下缓慢异构化。 || ```smiles","``` || 图6.13 芳基卤化物与芳基1-炔丙基醇合成查耳酮 || - X：卤原子；Ar：芳基 || - 反应条件：PdCl2(PPh3)2, CuI，NEt3, THF, 回流"
LIT_0120,26-06-26 黄酮化合物的合成.md,185,literature_reaction,6.2 橙酮类化合物的合成 / 6.2.1 苯并呋喃酮的羟醛缩合,O=C(C)OC1=C2C(OCC2=O)=CC=C1.[R]C(C([R])=C(C([R])=C1[R])[R])=C1C=O>>O=C(C)OC1=C(C/2=O)C(OC2=C\C3=C([R])C([R])=C([R])C([R])=C3[R])=CC=C1,"2. 条件：KOH, MeOH/H2O 3. 条件：芳基甲醛（R = H，烷基，烷氧基），KOH，MeOH/H2O Lawrence N J用取代的苯酚两步反应得到苯并呋喃酮，随后在AlO的催化下进行羟醛缩合反应(图6.15)。 1. R = H, MeO，反应条件：NaH，DMF，rt",```smiles || O=C(C)OC1=C(C(CBr)=O)C(OC(C)=O)=CC=C1>>O=C(C)OC1=C2C(OCC2=O)=CC=C1 || ``` || 3. 条件：芳基甲醛（R = H，烷基，烷氧基），KOH，MeOH/H2O || ```smiles,"``` || 图6.14 以邻乙酰氧基苯乙酮为原料合成橙酮 || Lawrence N J用取代的苯酚两步反应得到苯并呋喃酮，随后在AlO的催化下进行羟醛缩合反应(图6.15)。 || 1. R = H, MeO，反应条件：NaH，DMF，rt"
LIT_0121,26-06-26 黄酮化合物的合成.md,193,literature_reaction,6.2 橙酮类化合物的合成 / 6.2.1 苯并呋喃酮的羟醛缩合,[R]C1=C(OC)C(OC)=C([R])C=C1O.[Cl]CC(=O)O>>[R]C1=C(OC)C(OC)=C([R])C=C1OCC(O)=O,"Lawrence N J用取代的苯酚两步反应得到苯并呋喃酮，随后在AlO的催化下进行羟醛缩合反应(图6.15)。 1. R = H, MeO，反应条件：NaH，DMF，rt 2. 反应条件：PPA 3. \* = H，F；反应条件：Al2O3，DCM，rt","``` || 图6.14 以邻乙酰氧基苯乙酮为原料合成橙酮 || Lawrence N J用取代的苯酚两步反应得到苯并呋喃酮，随后在AlO的催化下进行羟醛缩合反应(图6.15)。 || 1. R = H, MeO，反应条件：NaH，DMF，rt || ```smiles",``` || 2. 反应条件：PPA || ```smiles || [R]C1=C(OC)C(OC)=C([R])C=C1OCC(O)=O>>[R]C1=C(OC)C(OC)=C([R])C2=C1OCC2=O || ```
LIT_0122,26-06-26 黄酮化合物的合成.md,197,literature_reaction,6.2 橙酮类化合物的合成 / 6.2.1 苯并呋喃酮的羟醛缩合,[R]C1=C(OC)C(OC)=C([R])C=C1OCC(O)=O>>[R]C1=C(OC)C(OC)=C([R])C2=C1OCC2=O,"Lawrence N J用取代的苯酚两步反应得到苯并呋喃酮，随后在AlO的催化下进行羟醛缩合反应(图6.15)。 1. R = H, MeO，反应条件：NaH，DMF，rt 2. 反应条件：PPA 3. \* = H，F；反应条件：Al2O3，DCM，rt",```smiles || [R]C1=C(OC)C(OC)=C([R])C=C1O.[Cl]CC(=O)O>>[R]C1=C(OC)C(OC)=C([R])C=C1OCC(O)=O || ``` || 2. 反应条件：PPA || ```smiles,``` || 3. \* = H，F；反应条件：Al2O3，DCM，rt || ```smiles || [R]C1=C(OC)C(OC)=C([R])C2=C1OCC2=O.[*]C(C=C1C=O)=C(C([*])=C1)OC>>[R]C1=C(C(OC)=C(C2=C1O/C(C2=O)=C/C(C=C3[*])=CC([*])=C3OC)[R])OC || ```
LIT_0123,26-06-26 黄酮化合物的合成.md,201,oxidation,6.2 橙酮类化合物的合成 / 6.2.1 苯并呋喃酮的羟醛缩合,[R]C1=C(OC)C(OC)=C([R])C2=C1OCC2=O.[*]C(C=C1C=O)=C(C([*])=C1)OC>>[R]C1=C(C(OC)=C(C2=C1O/C(C2=O)=C/C(C=C3[*])=CC([*])=C3OC)[R])OC,"2. 反应条件：PPA 3. \* = H，F；反应条件：Al2O3，DCM，rt 通过一锅法，4-乙酰基-5-烷氧基-1,3-苯并氧硫环戊烷-2-酮与芳香醛在含有哌啶乙酸盐的DMSO中，简便地合成了4,7-二羟基硫代橙酮(图6.16)。经核磁共振图谱确定，硫代橙酮环由三个连续反应形成：氧硫环戊烷-2-酮在哌啶下开环，所形成的含硫产物被DMSO或/和空气氧化，与芳香醛的缩合。",```smiles || [R]C1=C(OC)C(OC)=C([R])C=C1OCC(O)=O>>[R]C1=C(OC)C(OC)=C([R])C2=C1OCC2=O || ``` || 3. \* = H，F；反应条件：Al2O3，DCM，rt || ```smiles,"``` || 图6.15 以取代苯酚为原料合成橙酮 || 通过一锅法，4-乙酰基-5-烷氧基-1,3-苯并氧硫环戊烷-2-酮与芳香醛在含有哌啶乙酸盐的DMSO中，简便地合成了4,7-二羟基硫代橙酮(图6.16)。经核磁共振图谱确定，硫代橙酮环由三个连续反应形成：氧硫环戊烷-2-酮在哌啶下开环，所形成的含硫产物被DMSO或/和空气氧化，与芳香醛的缩合。 || ```smiles"
LIT_0124,26-06-26 黄酮化合物的合成.md,208,oxidation,6.2 橙酮类化合物的合成 / 6.2.1 苯并呋喃酮的羟醛缩合,O=C1OC2=C(S1)C(C(C)=O)=C(O[R])C=C2.O=CC3=C([*])C([*])=C([*])C=C3.CC([O-])=O.C4CCC[NH2+]C4>>O=C(N1CCCCC1)OC2=C(S/C3=C\C4=C(C([*])=C(C=C4)[*])[*])C(C3=O)=C(O[R])C=C2,"通过一锅法，4-乙酰基-5-烷氧基-1,3-苯并氧硫环戊烷-2-酮与芳香醛在含有哌啶乙酸盐的DMSO中，简便地合成了4,7-二羟基硫代橙酮(图6.16)。经核磁共振图谱确定，硫代橙酮环由三个连续反应形成：氧硫环戊烷-2-酮在哌啶下开环，所形成的含硫产物被DMSO或/和空气氧化，与芳香醛的缩合。 - 反应条件：DMSO","[R]C1=C(OC)C(OC)=C([R])C2=C1OCC2=O.[*]C(C=C1C=O)=C(C([*])=C1)OC>>[R]C1=C(C(OC)=C(C2=C1O/C(C2=O)=C/C(C=C3[*])=CC([*])=C3OC)[R])OC || ``` || 图6.15 以取代苯酚为原料合成橙酮 || 通过一锅法，4-乙酰基-5-烷氧基-1,3-苯并氧硫环戊烷-2-酮与芳香醛在含有哌啶乙酸盐的DMSO中，简便地合成了4,7-二羟基硫代橙酮(图6.16)。经核磁共振图谱确定，硫代橙酮环由三个连续反应形成：氧硫环戊烷-2-酮在哌啶下开环，所形成的含硫产物被DMSO或/和空气氧化，与芳香醛的缩合。 || ```smiles",``` || 图6.16 硫代橙酮的合成 || - 反应条件：DMSO || - R =`$smiles=*C` `$smiles=*CCN(CC)(CC)` `$smiles=*CC=C` || - 芳香醛反应物包括：
LIT_0125,26-06-26 黄酮化合物的合成.md,223,chalcone_synthesis,6.2 橙酮类化合物的合成 / 6.2.2 查耳酮的环合,Oc1c([*])cc([*])cc1C(/C=C/c2ccccc2)=O>>O=C1c2c(O/C1=C\c3ccccc3)c([*])cc([*])c2,"2'-羟基查耳酮是合成黄酮类化合物的重要中间体。在不同的氧化条件下，可以得到不同类型的黄酮化合物，如黄酮、黄酮醇、3-羟基二氢黄酮、橙酮等。Agrawal N N等分别在Hg(OAc)2/Py和CuBr2/DMSO条件下，由2'-羟基查耳酮一步氧化反应生成了橙酮类化合物(图6.17)。 \* = H, MeO；反应条件：Hg(OAc)2/Py，或者CuBr2/DMSO Venkateswarlu S等研究发现，在Hg(OAc)2/Py条件下，生成的产物为单一的Z型。经光反应，可进一步转化为E型。C-2'位乙酰氧基取代的查耳酮先用TBATB(四丁基三溴化铵)溴化，再用氢氧化钾的醇溶液处理也可得到橙酮类化合物(图6.18)。如果在VOs/HO/NHBr条件下溴化，则得到5,7-位溴化的橙酮。","- `$smiles=O=Cc1ccccc1Cl` `$smiles=O=Cc1cccc(Cl)c1` `$smiles=O=Cc1ccc(Cl)cc1` `$smiles=O=Cc1cccc(Br)c1` `$smiles=O=Cc1ccc(Br)cc1` `$smiles=O=Cc1ccc([N+]([O-])=O)cc1` `$smiles=O=Cc1ccc(N(C)C)cc1` `$smiles=O=Cc1cccc(O)c1` `$smiles=O=Cc1ccc(O)cc1` `$smiles=O=Cc1ccc(O)c(O)c1` || #### 6.2.2 查耳酮的环合 || 2'-羟基查耳酮是合成黄酮类化合物的重要中间体。在不同的氧化条件下，可以得到不同类型的黄酮化合物，如黄酮、黄酮醇、3-羟基二氢黄酮、橙酮等。Agrawal N N等分别在Hg(OAc)2/Py和CuBr2/DMSO条件下，由2'-羟基查耳酮一步氧化反应生成了橙酮类化合物(图6.17)。 || \* = H, MeO；反应条件：Hg(OAc)2/Py，或者CuBr2/DMSO || ```smiles","``` || 图6.17 2'-羟基查耳酮合成橙酮 || Venkateswarlu S等研究发现，在Hg(OAc)2/Py条件下，生成的产物为单一的Z型。经光反应，可进一步转化为E型。C-2'位乙酰氧基取代的查耳酮先用TBATB(四丁基三溴化铵)溴化，再用氢氧化钾的醇溶液处理也可得到橙酮类化合物(图6.18)。如果在VOs/HO/NHBr条件下溴化，则得到5,7-位溴化的橙酮。"
LIT_0126,26-06-26 黄酮化合物的合成.md,232,protection,6.2 橙酮类化合物的合成 / 6.2.2 查耳酮的环合,O=C(/C=C/c1c([*])c([*])c([*])c([*])c1[*])c2c(OC(C)=O)cc([*])cc2[*]>>O=C(C(Br)C(OC)c1c([*])c([*])c([*])c([*])c1[*])c2c(OC(C)=O)cc([*])cc2[*],"Venkateswarlu S等研究发现，在Hg(OAc)2/Py条件下，生成的产物为单一的Z型。经光反应，可进一步转化为E型。C-2'位乙酰氧基取代的查耳酮先用TBATB(四丁基三溴化铵)溴化，再用氢氧化钾的醇溶液处理也可得到橙酮类化合物(图6.18)。如果在VOs/HO/NHBr条件下溴化，则得到5,7-位溴化的橙酮。 反应条件：TBATB(四丁基三溴化铵），CaCO3，CH2Cl2，MeOH","``` || 图6.17 2'-羟基查耳酮合成橙酮 || Venkateswarlu S等研究发现，在Hg(OAc)2/Py条件下，生成的产物为单一的Z型。经光反应，可进一步转化为E型。C-2'位乙酰氧基取代的查耳酮先用TBATB(四丁基三溴化铵)溴化，再用氢氧化钾的醇溶液处理也可得到橙酮类化合物(图6.18)。如果在VOs/HO/NHBr条件下溴化，则得到5,7-位溴化的橙酮。 || 反应条件：TBATB(四丁基三溴化铵），CaCO3，CH2Cl2，MeOH || ```smiles",``` || ```smiles || O=C(C(Br)C(OC)c1c([*])c([*])c([*])c([*])c1[*])c2c(OC(C)=O)cc([*])cc2[*]>>O=C1c2c(O/C1=C\c3c([*])c([*])c([*])c([*])c3[*])cc([*])cc2[*] || ``` || 图6.18 2'-乙酰氧基查耳酮合成橙酮
LIT_0127,26-06-26 黄酮化合物的合成.md,235,chalcone_synthesis,6.2 橙酮类化合物的合成 / 6.2.2 查耳酮的环合,O=C(C(Br)C(OC)c1c([*])c([*])c([*])c([*])c1[*])c2c(OC(C)=O)cc([*])cc2[*]>>O=C1c2c(O/C1=C\c3c([*])c([*])c([*])c([*])c3[*])cc([*])cc2[*],"Venkateswarlu S等研究发现，在Hg(OAc)2/Py条件下，生成的产物为单一的Z型。经光反应，可进一步转化为E型。C-2'位乙酰氧基取代的查耳酮先用TBATB(四丁基三溴化铵)溴化，再用氢氧化钾的醇溶液处理也可得到橙酮类化合物(图6.18)。如果在VOs/HO/NHBr条件下溴化，则得到5,7-位溴化的橙酮。 反应条件：TBATB(四丁基三溴化铵），CaCO3，CH2Cl2，MeOH",反应条件：TBATB(四丁基三溴化铵），CaCO3，CH2Cl2，MeOH || ```smiles || O=C(/C=C/c1c([*])c([*])c([*])c([*])c1[*])c2c(OC(C)=O)cc([*])cc2[*]>>O=C(C(Br)C(OC)c1c([*])c([*])c([*])c([*])c1[*])c2c(OC(C)=O)cc([*])cc2[*] || ``` || ```smiles,``` || 图6.18 2'-乙酰氧基查耳酮合成橙酮 || ### 6.3 花色素的合成 || 花色素是一类广泛存在于植物中的水溶性色素，常以糖苷形式存在，是植物的主要呈色物质。天然花色素类物质不仅保护植物自身的健康，而且也保护着动物乃至人类的生命。在20世纪对其合成做了大量工作，已有综述报道。
LIT_0129,26-06-26 黄酮化合物的合成.md,257,protection,6.3 花色素的合成 / 6.3.1 水杨醛与苯乙酮及其类似物的羟醛缩合,CC(Oc1cc(OC(C)=O)cc(OC(C)=O)c1C=O)=O.[*]c2ccc(C(C)=O)cc2[*]>>Oc3cc4[o+]c(c5ccc([*])c([*])c5)ccc4cc3O.[Cl-],"Mas T以乙酰基保护的2,4,6-三羟基苯甲醛为原料，直接与取代的苯乙酮在HCl-MeOH条件下缩合，一步合成了apigeninidin、luteolinidin和5,7-dihydroxyflavylium(图6.20)。与其他方法相比.,此法简单有效，产率高。 - 条件：HCl-MeOH；* = H, OH","O=CC1=CC=CC=C1O.CC(C2=CC=C(OC)C(OC)=C2)=O.CCOCC.FB(F)F>>COC(C=C3)=C(OC)C=C3C4=[O+]C5=CC=CC=C5C=C4.FB(F)(F)[F-] || ``` || 图6.19 tricetanidin的合成 || Mas T以乙酰基保护的2,4,6-三羟基苯甲醛为原料，直接与取代的苯乙酮在HCl-MeOH条件下缩合，一步合成了apigeninidin、luteolinidin和5,7-dihydroxyflavylium(图6.20)。与其他方法相比.,此法简单有效，产率高。 || ```smiles","``` || 图6.20 以2,4,6-三羟基苯甲醛为原料合成3-去氧花色素 || - 条件：HCl-MeOH；* = H, OH || 如果苯乙酮的1位含有乙酰氧基或葡萄糖，再与2,4,6-三羟基苯甲醛进行缩合，就可以得到花色素。花色素的首次合成正是借用此法(图6.21)。"
LIT_0131,26-06-26 黄酮化合物的合成.md,275,protection,6.3 花色素的合成 / 6.3.2 苯酚与芳基乙炔酮的反应,[*]Oc1cc(O)cc(O[*])c1.O=C(C#C)c2ccccc2>>[*]Oc3c4ccc(c5ccccc5)[o+]c4cc(O[*])c3,"图6.21 花色素的合成：反应条件：1. HCl; 2. OH-; 3. HCl 此法只能用于3-去氧花色素的合成。1947年，Johnson AW与Melhuish R R首先报道了这种简便方法。在酸性条件下(硫酸、醋酸),间苯三酚可以直接与苯基乙炔酮反应得到3-去氧花色素，产率为37%。 2007年，Kueny-Stotz M等报道了甲氧基保护或未加保护的间苯三酚在HPF存在下，与芳基乙炔酮得到的产率更高(图6.22)。用甲氧基保护的间苯三酚的产率在93%以上，未加保护的产率在80%以上。 - 反应条件：HPF6(aq)，AcOH，rt","图6.21 花色素的合成：反应条件：1. HCl; 2. OH-; 3. HCl || #### 6.3.2 苯酚与芳基乙炔酮的反应 || 此法只能用于3-去氧花色素的合成。1947年，Johnson AW与Melhuish R R首先报道了这种简便方法。在酸性条件下(硫酸、醋酸),间苯三酚可以直接与苯基乙炔酮反应得到3-去氧花色素，产率为37%。 || 2007年，Kueny-Stotz M等报道了甲氧基保护或未加保护的间苯三酚在HPF存在下，与芳基乙炔酮得到的产率更高(图6.22)。用甲氧基保护的间苯三酚的产率在93%以上，未加保护的产率在80%以上。 || ```smiles","``` || 图6.22 间苯三酚与芳基乙炔酮合成花色素 || - 反应条件：HPF6(aq)，AcOH，rt || - * = H, Me || - 芳基乙炔酮反应物包括：`$smiles=O=C(C#C)c2ccccc2` `$smiles=O=C(C#C)c2ccc(OC)cc2` `$smiles=O=C(C#C)c2c(OC)c(OC)c(OC)cc2` `$smiles=O=C(C#C)c2ccc(O)cc2` `$smiles=O=C(C#C)c2cc(O)c(O)cc2` `$smiles=O=C(C#C)c2cc(O)c(O)c(O)c2`"
LIT_0145,26-06-26 黄酮化合物的合成.md,400,chalcone_synthesis,6.4 黄酮与黄酮醇的合成 / 6.4.3 2'-羟基查耳酮或二氢黄酮的氧化,COc1cc(O)c(OC)c(OC)c1.O=C(Cl)/C=C/c1cc([*])cc([*])c1>>COc1cc(C(=O)/C=C/c2cc([*])cc([*])c2)c(O)c(OC)c1OC,"Huang WH等人发现一种新颖的合成黄酮的方法，即将肉桂酰氯和三甲氧基苯酚在BF·EtO中发生傅-克反应直接生成查耳酮，相对于羟醛缩合得到查耳酮的反应，这一步反应的收率高达90%（图6.30)。 反应条件：肉桂酰氯, BF3·Et2O, 15 min 反应条件：AcOH, BF3·Et2O, 15 min","``` || 图6.29 AFO法的反应机理 || Huang WH等人发现一种新颖的合成黄酮的方法，即将肉桂酰氯和三甲氧基苯酚在BF·EtO中发生傅-克反应直接生成查耳酮，相对于羟醛缩合得到查耳酮的反应，这一步反应的收率高达90%（图6.30)。 || 反应条件：肉桂酰氯, BF3·Et2O, 15 min || ```smiles","``` || 反应条件：AcOH, BF3·Et2O, 15 min || ```smiles || COc1cc(O)c(OC)c(OC)c1.CC(=O)O>>COc1cc(C(C)=O)c(O)c(OC)c1OC || ```"
LIT_0147,26-06-26 黄酮化合物的合成.md,410,chalcone_synthesis,6.4 黄酮与黄酮醇的合成 / 6.4.3 2'-羟基查耳酮或二氢黄酮的氧化,COc1cc(C(C)=O)c(O)c(OC)c1OC.O=Cc1cc([*])cc([*])c1>>COc1cc(C(=O)/C=C/c2cc([*])cc([*])c2)c(O)c(OC)c1OC,"反应条件：AcOH, BF3·Et2O, 15 min 反应条件：PhCHO, EtOH, KOH 反应条件：I2, DMSO, 2 h","```smiles || COc1cc(O)c(OC)c(OC)c1.CC(=O)O>>COc1cc(C(C)=O)c(O)c(OC)c1OC || ``` || 反应条件：PhCHO, EtOH, KOH || ```smiles","``` || 反应条件：I2, DMSO, 2 h || ```smiles || COc1cc(C(=O)/C=C/c2cc([*])cc([*])c2)c(O)c(OC)c1OC>>COc1cc2oc(-c3cc([*])cc([*])c3)cc(=O)c2c(OC)c1OC || ```"
LIT_0148,26-06-26 黄酮化合物的合成.md,415,chalcone_synthesis,6.4 黄酮与黄酮醇的合成 / 6.4.3 2'-羟基查耳酮或二氢黄酮的氧化,COc1cc(C(=O)/C=C/c2cc([*])cc([*])c2)c(O)c(OC)c1OC>>COc1cc2oc(-c3cc([*])cc([*])c3)cc(=O)c2c(OC)c1OC,"反应条件：PhCHO, EtOH, KOH 反应条件：I2, DMSO, 2 h 反应条件：47% HBr/AcOH, 2 h","```smiles || COc1cc(C(C)=O)c(O)c(OC)c1OC.O=Cc1cc([*])cc([*])c1>>COc1cc(C(=O)/C=C/c2cc([*])cc([*])c2)c(O)c(OC)c1OC || ``` || 反应条件：I2, DMSO, 2 h || ```smiles","``` || 反应条件：47% HBr/AcOH, 2 h || ```smiles || COc1cc(C(=O)/C=C/c2cc([*])cc([*])c2)c(O)c(OC)c1OC>>COc1c(O)cc(O)c(C(=O)/C=C/c2cc([*])cc([*])c2)c1O || ```"
LIT_0149,26-06-26 黄酮化合物的合成.md,420,chalcone_synthesis,6.4 黄酮与黄酮醇的合成 / 6.4.3 2'-羟基查耳酮或二氢黄酮的氧化,COc1cc(C(=O)/C=C/c2cc([*])cc([*])c2)c(O)c(OC)c1OC>>COc1c(O)cc(O)c(C(=O)/C=C/c2cc([*])cc([*])c2)c1O,"反应条件：I2, DMSO, 2 h 反应条件：47% HBr/AcOH, 2 h 反应条件：I2, DMSO, 2 h","```smiles || COc1cc(C(=O)/C=C/c2cc([*])cc([*])c2)c(O)c(OC)c1OC>>COc1cc2oc(-c3cc([*])cc([*])c3)cc(=O)c2c(OC)c1OC || ``` || 反应条件：47% HBr/AcOH, 2 h || ```smiles","``` || 反应条件：I2, DMSO, 2 h || ```smiles || COc1c(O)cc(O)c(C(=O)/C=C/c2cc([*])cc([*])c2)c1O>>COc1c(O)cc2oc(-c3cc([*])cc([*])c3)cc(=O)c2c1O || ```"
LIT_0150,26-06-26 黄酮化合物的合成.md,425,chalcone_synthesis,6.4 黄酮与黄酮醇的合成 / 6.4.3 2'-羟基查耳酮或二氢黄酮的氧化,COc1c(O)cc(O)c(C(=O)/C=C/c2cc([*])cc([*])c2)c1O>>COc1c(O)cc2oc(-c3cc([*])cc([*])c3)cc(=O)c2c1O,"反应条件：47% HBr/AcOH, 2 h 反应条件：I2, DMSO, 2 h 反应条件：47% HBr/AcOH, 2 h","```smiles || COc1cc(C(=O)/C=C/c2cc([*])cc([*])c2)c(O)c(OC)c1OC>>COc1c(O)cc(O)c(C(=O)/C=C/c2cc([*])cc([*])c2)c1O || ``` || 反应条件：I2, DMSO, 2 h || ```smiles","``` || 反应条件：47% HBr/AcOH, 2 h || ```smiles || COc1cc2oc(-c3cc([*])cc([*])c3)cc(=O)c2c(OC)c1OC>>COc1c(O)cc2oc(-c3cc([*])cc([*])c3)cc(=O)c2c1O || ```"
LIT_0151,26-06-26 黄酮化合物的合成.md,430,chalcone_synthesis,6.4 黄酮与黄酮醇的合成 / 6.4.3 2'-羟基查耳酮或二氢黄酮的氧化,COc1cc2oc(-c3cc([*])cc([*])c3)cc(=O)c2c(OC)c1OC>>COc1c(O)cc2oc(-c3cc([*])cc([*])c3)cc(=O)c2c1O,"反应条件：I2, DMSO, 2 h 反应条件：47% HBr/AcOH, 2 h 反应条件：47% HBr/AcOH, 12 h","```smiles || COc1c(O)cc(O)c(C(=O)/C=C/c2cc([*])cc([*])c2)c1O>>COc1c(O)cc2oc(-c3cc([*])cc([*])c3)cc(=O)c2c1O || ``` || 反应条件：47% HBr/AcOH, 2 h || ```smiles","``` || 反应条件：47% HBr/AcOH, 12 h || ```smiles || COc1c(O)cc2oc(-c3cc([*])cc([*])c3)cc(=O)c2c1O>>O=c1cc(-c2cc([*])cc([*])c2)oc2cc(O)c(O)c(O)c12 || ```"
LIT_0152,26-06-26 黄酮化合物的合成.md,435,chalcone_synthesis,6.4 黄酮与黄酮醇的合成 / 6.4.3 2'-羟基查耳酮或二氢黄酮的氧化,COc1c(O)cc2oc(-c3cc([*])cc([*])c3)cc(=O)c2c1O>>O=c1cc(-c2cc([*])cc([*])c2)oc2cc(O)c(O)c(O)c12,"反应条件：47% HBr/AcOH, 2 h 反应条件：47% HBr/AcOH, 12 h 反应条件：47% HBr/AcOH, 18 h","```smiles || COc1cc2oc(-c3cc([*])cc([*])c3)cc(=O)c2c(OC)c1OC>>COc1c(O)cc2oc(-c3cc([*])cc([*])c3)cc(=O)c2c1O || ``` || 反应条件：47% HBr/AcOH, 12 h || ```smiles","``` || 反应条件：47% HBr/AcOH, 18 h || ```smiles || COc1cc2oc(-c3cc([*])cc([*])c3)cc(=O)c2c(OC)c1OC>>O=c1cc(-c2cc([*])cc([*])c2)oc2cc(O)c(O)c(O)c12 || ```"
LIT_0153,26-06-26 黄酮化合物的合成.md,440,chalcone_synthesis,6.4 黄酮与黄酮醇的合成 / 6.4.3 2'-羟基查耳酮或二氢黄酮的氧化,COc1cc2oc(-c3cc([*])cc([*])c3)cc(=O)c2c(OC)c1OC>>O=c1cc(-c2cc([*])cc([*])c2)oc2cc(O)c(O)c(O)c12,"反应条件：47% HBr/AcOH, 12 h 反应条件：47% HBr/AcOH, 18 h 2′-乙酰氧基查耳酮先用TBATB溴化，再经脱溴化氢、闭环，可以以较高的收率合成黄酮化合物(图6.31)。如果在V2O5/H2O2/NH4Br条件下溴化，则得到6,8-位溴化的黄酮。","```smiles || COc1c(O)cc2oc(-c3cc([*])cc([*])c3)cc(=O)c2c1O>>O=c1cc(-c2cc([*])cc([*])c2)oc2cc(O)c(O)c(O)c12 || ``` || 反应条件：47% HBr/AcOH, 18 h || ```smiles","``` || 图6.30 黄酮的合成 || 2′-乙酰氧基查耳酮先用TBATB溴化，再经脱溴化氢、闭环，可以以较高的收率合成黄酮化合物(图6.31)。如果在V2O5/H2O2/NH4Br条件下溴化，则得到6,8-位溴化的黄酮。"
LIT_0154,26-06-26 黄酮化合物的合成.md,449,protection,6.4 黄酮与黄酮醇的合成 / 6.4.3 2'-羟基查耳酮或二氢黄酮的氧化,[*]c1cc(OC(C)=O)c(C(/C=C/c2c([*])c([*])c([*])cc2)=O)c([*])c1>>[*]c3cc(OC(C)=O)c(C(C(Br)C(Br)c4c([*])c([*])c([*])cc4)=O)c([*])c3,"2′-乙酰氧基查耳酮先用TBATB溴化，再经脱溴化氢、闭环，可以以较高的收率合成黄酮化合物(图6.31)。如果在V2O5/H2O2/NH4Br条件下溴化，则得到6,8-位溴化的黄酮。 反应条件：TBATB, CaCO3, CH2Cl2, MeOH；\* = H, OH","``` || 图6.30 黄酮的合成 || 2′-乙酰氧基查耳酮先用TBATB溴化，再经脱溴化氢、闭环，可以以较高的收率合成黄酮化合物(图6.31)。如果在V2O5/H2O2/NH4Br条件下溴化，则得到6,8-位溴化的黄酮。 || 反应条件：TBATB, CaCO3, CH2Cl2, MeOH；\* = H, OH || ```smiles",``` || ```smiles || [*]c3cc(OC(C)=O)c(C(C(Br)C(Br)c4c([*])c([*])c([*])cc4)=O)c([*])c3>>[*]c(cc([*])c56)cc5oc(c7c([*])c([*])c([*])cc7)cc6=O || ```
LIT_0155,26-06-26 黄酮化合物的合成.md,453,chalcone_synthesis,6.4 黄酮与黄酮醇的合成 / 6.4.3 2'-羟基查耳酮或二氢黄酮的氧化,[*]c3cc(OC(C)=O)c(C(C(Br)C(Br)c4c([*])c([*])c([*])cc4)=O)c([*])c3>>[*]c(cc([*])c56)cc5oc(c7c([*])c([*])c([*])cc7)cc6=O,"2′-乙酰氧基查耳酮先用TBATB溴化，再经脱溴化氢、闭环，可以以较高的收率合成黄酮化合物(图6.31)。如果在V2O5/H2O2/NH4Br条件下溴化，则得到6,8-位溴化的黄酮。 反应条件：TBATB, CaCO3, CH2Cl2, MeOH；\* = H, OH","反应条件：TBATB, CaCO3, CH2Cl2, MeOH；\* = H, OH || ```smiles || [*]c1cc(OC(C)=O)c(C(/C=C/c2c([*])c([*])c([*])cc2)=O)c([*])c1>>[*]c3cc(OC(C)=O)c(C(C(Br)C(Br)c4c([*])c([*])c([*])cc4)=O)c([*])c3 || ``` || ```smiles",``` || 图6.31 2'-乙酰氧基查耳酮合成黄酮 || #### 6.4.4 2′-羟基-β-二酮或β-酮酯的微波合成
LIT_0156,26-06-26 黄酮化合物的合成.md,465,flavonoid_synthesis,6.4 黄酮与黄酮醇的合成 / 6.4.4 2′-羟基-β-二酮或β-酮酯的微波合成,Oc1cc(O)cc(O)c1.[*]c2c([*])c([*])c([*])cc2C(CC(OCC)=O)=O>>Oc3cc4oc(c5c([*])c([*])c([*])c([*])c5)cc(=O)c4c(O)c3,近年来已有不少关于微波合成黄酮的报道。Mentzer C曾用苯酚与β-酮酯在微波条件下合成一系列黄酮，但反应时间长且产率低。Seijas J A改进了此方法，在无溶剂的条件下，间苯三酚与不同取代的β-酮酯高产率地生成目标化合物，并且反应时间短、后处理简单(图6.32)。 反应条件：微波 MW 用2'-羟基-β-二酮在微波下直接生成黄酮更为简便(图6.33)。Varma RS等用蒙脱石K 10为催化剂，合成了一系列黄酮衍生物，产率为7280Kabalka GW和Mereddy A R改用CuCl2催化，产率在86%以上。 反应条件：MW,"#### 6.4.4 2′-羟基-β-二酮或β-酮酯的微波合成 || 近年来已有不少关于微波合成黄酮的报道。Mentzer C曾用苯酚与β-酮酯在微波条件下合成一系列黄酮，但反应时间长且产率低。Seijas J A改进了此方法，在无溶剂的条件下，间苯三酚与不同取代的β-酮酯高产率地生成目标化合物，并且反应时间短、后处理简单(图6.32)。 || 反应条件：微波 MW || \* = H, OH, OMe, Cl, NO2 || ```smiles",``` || 图6.32 间苯三酚与β-酮酯微波合成黄酮 || 用2'-羟基-β-二酮在微波下直接生成黄酮更为简便(图6.33)。Varma RS等用蒙脱石K 10为催化剂，合成了一系列黄酮衍生物，产率为7280Kabalka GW和Mereddy A R改用CuCl2催化，产率在86%以上。 || 反应条件：MW
LIT_0157,26-06-26 黄酮化合物的合成.md,484,flavonoid_synthesis,6.4 黄酮与黄酮醇的合成 / 6.4.5 芳基丙炔酸酚酯的重排,O=C(C#Cc1ccccc1)Oc2c([*])cc([R])cc2>>Oc3c([*])cc([R])cc3C(C#Cc4ccccc4)=O,#### 6.4.5 芳基丙炔酸酚酯的重排 酚用芳基丙炔酸酯化，经光化重排可得邻羟基芳基乙炔基酮，再经环合可生成黄酮。该方法简便、温和，但总收率较低(图6.34)。 反应条件：$h\nu$ 反应条件：K2CO3,图6.33 2'-羟基-β-二酮微波合成黄酮 || #### 6.4.5 芳基丙炔酸酚酯的重排 || 酚用芳基丙炔酸酯化，经光化重排可得邻羟基芳基乙炔基酮，再经环合可生成黄酮。该方法简便、温和，但总收率较低(图6.34)。 || 反应条件：$h\nu$ || ```smiles,``` || 反应条件：K2CO3 || ```smiles || Oc3c([*])cc([R])cc3C(C#Cc4ccccc4)=O>>[*]c5c6oc(c7ccccc7)cc(=O)c6cc([R])c5 || ```
LIT_0158,26-06-26 黄酮化合物的合成.md,489,flavonoid_cyclization,6.4 黄酮与黄酮醇的合成 / 6.4.5 芳基丙炔酸酚酯的重排,Oc3c([*])cc([R])cc3C(C#Cc4ccccc4)=O>>[*]c5c6oc(c7ccccc7)cc(=O)c6cc([R])c5,"反应条件：$h\nu$ 反应条件：K2CO3 图6.34 芳基丙炔酸酚酯的重排合成黄酮：* = H, R = OMe; \* = H, R = Me; \* = R = Me 在P2O5和 CH3SO3H条件下，芳基丙炔酸与酚可以直接环合得到黄酮，但同时有香豆素和未环化的邻羟基芳基乙炔酮生成，收率不高。",```smiles || O=C(C#Cc1ccccc1)Oc2c([*])cc([R])cc2>>Oc3c([*])cc([R])cc3C(C#Cc4ccccc4)=O || ``` || 反应条件：K2CO3 || ```smiles,"``` || 图6.34 芳基丙炔酸酚酯的重排合成黄酮：* = H, R = OMe; \* = H, R = Me; \* = R = Me || 在P2O5和 CH3SO3H条件下，芳基丙炔酸与酚可以直接环合得到黄酮，但同时有香豆素和未环化的邻羟基芳基乙炔酮生成，收率不高。"
LIT_0167,26-06-26 黄酮化合物的合成.md,572,flavanone_synthesis,6.5 二氢黄酮与二氢黄酮醇的合成 / 6.5.3 3-溴-1-苯基-2-丙炔芳基醚的环合,[R]c1ccc(OC(C#C)c2ccccc2)c([*])c1>>[R]c3ccc(OC(C#CBr)c4ccccc4)c([*])c3,"Subramanian R S与Balasubramanian K K以1-苯基-2-丙炔芳基醚为原料，先用NBS溴化，随后经三氟醋酸汞催化环合、硼氢化钠还原得到二氢黄酮(图6.39)。 反应条件：NBS，AgNO3，丙酮 反应条件：1. Hg(OTf)2, CH2Cl2；2. NaBH4",#### 6.5.3 3-溴-1-苯基-2-丙炔芳基醚的环合 || Subramanian R S与Balasubramanian K K以1-苯基-2-丙炔芳基醚为原料，先用NBS溴化，随后经三氟醋酸汞催化环合、硼氢化钠还原得到二氢黄酮(图6.39)。 || 反应条件：NBS，AgNO3，丙酮 || ```smiles,"``` || 反应条件：1. Hg(OTf)2, CH2Cl2；2. NaBH4 || ```smiles || [R]c3ccc(OC(C#CBr)c4ccccc4)c([*])c3>>[R]c5cc6c(OC(CC6=O)c7ccccc7)c([*])c5 || ```"
LIT_0168,26-06-26 黄酮化合物的合成.md,576,flavanone_synthesis,6.5 二氢黄酮与二氢黄酮醇的合成 / 6.5.3 3-溴-1-苯基-2-丙炔芳基醚的环合,[R]c3ccc(OC(C#CBr)c4ccccc4)c([*])c3>>[R]c5cc6c(OC(CC6=O)c7ccccc7)c([*])c5,"Subramanian R S与Balasubramanian K K以1-苯基-2-丙炔芳基醚为原料，先用NBS溴化，随后经三氟醋酸汞催化环合、硼氢化钠还原得到二氢黄酮(图6.39)。 反应条件：NBS，AgNO3，丙酮 反应条件：1. Hg(OTf)2, CH2Cl2；2. NaBH4","```smiles || [R]c1ccc(OC(C#C)c2ccccc2)c([*])c1>>[R]c3ccc(OC(C#CBr)c4ccccc4)c([*])c3 || ``` || 反应条件：1. Hg(OTf)2, CH2Cl2；2. NaBH4 || ```smiles","``` || 图6.39 3-溴-1-苯基-2-丙炔芳基醚的环合合成二氢黄酮 || - * = H, Me, MeO, Cl；R = H, Me || #### 6.5.4 Friedel-Crafts 反应"
LIT_0179,26-06-26 黄酮化合物的合成.md,645,protection,6.5 二氢黄酮与二氢黄酮醇的合成 / 6.5.6 二氢黄酮的不对称合成,C1=CC=C(C(=O)/C(C(=O)OC(C)(C)C)=C\[Ar])C(O)=C1>>C1=CC2O[C@@]([H])([Ar])CC(=O)C=2C=C1,"图6.41 二氢黄酮醇的合成：保护/甲基化 → Claisen-Schmidt 缩合成查耳酮 → `H2O2/NaOH` 环氧化 → `HCl/MeOH` 脱 MOM 并分子内环化为 3-羟基二氢黄酮骨架。 不对称合成二氢黄酮较为困难，方法不是很多。Moriarty R M等在1985年曾利用C6H5I(OAc)2直接氧化黄烷酮生成了顺式或反式二氢黄酮醇。 alpha-叔丁氧羰基取代的查耳酮在手性硫脲催化下，可以进行分子内的加成，直接生成光活的二氢黄酮(图6.42)。此方法条件温和，且ee值和产率都很高。 - 反应条件：1. 10% L(`$smiles=C1C(=CC=CC=1)CO[C@@]([H])(C1C2C(C=C)CN(CC2)C1)C1C2=CC(NC(=S)N[Ar])=CC=C2N=CC=1`), -25 °C, PhCH3; 2. *p*-TsOH, 80°C",图6.41 二氢黄酮醇的合成：保护/甲基化 → Claisen-Schmidt 缩合成查耳酮 → `H2O2/NaOH` 环氧化 → `HCl/MeOH` 脱 MOM 并分子内环化为 3-羟基二氢黄酮骨架。 || #### 6.5.6 二氢黄酮的不对称合成 || 不对称合成二氢黄酮较为困难，方法不是很多。Moriarty R M等在1985年曾利用C6H5I(OAc)2直接氧化黄烷酮生成了顺式或反式二氢黄酮醇。 || alpha-叔丁氧羰基取代的查耳酮在手性硫脲催化下，可以进行分子内的加成，直接生成光活的二氢黄酮(图6.42)。此方法条件温和，且ee值和产率都很高。 || ```smiles,"``` || 图6.42 a-叔丁氧羰基取代的查耳酮合成二氢黄酮 || - 反应条件：1. 10% L(`$smiles=C1C(=CC=CC=1)CO[C@@]([H])(C1C2C(C=C)CN(CC2)C1)C1C2=CC(NC(=S)N[Ar])=CC=C2N=CC=1`), -25 °C, PhCH3; 2. *p*-TsOH, 80°C"
LIT_0186,26-06-26 黄酮化合物的合成.md,689,chalcone_synthesis,6.6 异黄酮的合成 / 6.6.1 脱氧安息香的酰化,OC1=CC=CC=C1C(CC2=CC=CC=C2)=O.[R]C(OC([R])=O)=O.[O-]C(C[R])=O>>[Na+]O=C3C4=CC=CC=C4OC([R])=C3C5=CC=CC=C5,"异黄酮合成方法很多，主要有三种常用的合成路线：脱氧安息香的酰化，查耳酮的氧化重排和苯并毗喃酮的芳基化。此部分内容在参考前人总结的基础上,以这3种方法对异黄酮的合成进行了汇总。 该方法获得异黄酮是将A环上C-6,C-7位有羟基或甲氧基的苯和C环上有不同取代基的脱氧安息香闭合关环。Baker W和 Robinson R首先用2-羟基脱氧安息香分别与醋酸酐-醋酸钠、苯甲酸酐-苯甲酸钠、肉桂酸酐-肉桂酸钠反应，合成了相应的2位取代的异黄酮(图6.44)。此方法简便有效，但是不能用于制备2位无取代的异黄酮。 不过对于2位苯乙烯基取代的异黄酮，先通过高锰酸钾氧化成2-羧基异黄酮，再经加热脱羧可以得到2位无取代的异黄酮(图6.45)。 条件：高锰酸钾氧化","异黄酮合成方法很多，主要有三种常用的合成路线：脱氧安息香的酰化，查耳酮的氧化重排和苯并毗喃酮的芳基化。此部分内容在参考前人总结的基础上,以这3种方法对异黄酮的合成进行了汇总。 || #### 6.6.1 脱氧安息香的酰化 || 该方法获得异黄酮是将A环上C-6,C-7位有羟基或甲氧基的苯和C环上有不同取代基的脱氧安息香闭合关环。Baker W和 Robinson R首先用2-羟基脱氧安息香分别与醋酸酐-醋酸钠、苯甲酸酐-苯甲酸钠、肉桂酸酐-肉桂酸钠反应，合成了相应的2位取代的异黄酮(图6.44)。此方法简便有效，但是不能用于制备2位无取代的异黄酮。 || ```smiles",``` || 图6.44 2位取代异黄酮的合成 || 不过对于2位苯乙烯基取代的异黄酮，先通过高锰酸钾氧化成2-羧基异黄酮，再经加热脱羧可以得到2位无取代的异黄酮(图6.45)。 || 条件：高锰酸钾氧化
LIT_0202,26-06-26 黄酮化合物的合成.md,800,isoflavone_synthesis,6.6 异黄酮的合成 / 6.6.3 二氢色原酮的芳基化,Brc1coc2ccccc2c1=O.[R]OB(O[R])c3ccccc3>>O=c4c(c5ccccc5)coc6ccccc64,"Suzuki反应是合成异黄酮非常有效的方法，尤其是合成C环含有不同取代的异黄酮。3位卤代的色原酮在铅盐(0或Ⅱ)的催化下，与芳基硼酸(或酯)反应得到相应的异黄酮化合物(图6.51)。 反应条件：Pd, 碱；R 为 H 或烷基。","``` || 图6.50 通过二氢色原酮芳基化合成异黄酮 || Suzuki反应是合成异黄酮非常有效的方法，尤其是合成C环含有不同取代的异黄酮。3位卤代的色原酮在铅盐(0或Ⅱ)的催化下，与芳基硼酸(或酯)反应得到相应的异黄酮化合物(图6.51)。 || 反应条件：Pd, 碱；R 为 H 或烷基。 || ```smiles",``` || 图6.51 通过Suzuki 反应合成异黄酮 || ### 6.7 二氢异黄酮的合成
LIT_0220,26-06-26 黄酮化合物的合成.md,966,reduction,6.8 紫檀素的合成 / 6.8.2 Heck 芳香化,Oc5cccc(O)c5[Hg]Cl.[R]c6ccc(C=CCO7)c7c6>>Oc1c(C2CO3)c(OC2c4c3cc([R])cc4)ccc1,"图6.59 通过还原、环合合成紫檀素 BreytenbachJC等曾报道在Li2PdCl4催化下，7位取代的2H-1-苯并吡喃与2-氯汞齐-1,3-苯二酚发生Heck 反应，以15.6%-35.9%的产率生成了紫檀素类化合物(图6.60)。应用类似的方法，(±)-prenylpterocarpin，(±)-leiocarpin，(±)-isohemileiocarpin等天然产物及许多有活性的紫檀素类化合物相继被合成。 反应条件：Li2PdCl4","图6.59 通过还原、环合合成紫檀素 || #### 6.8.2 Heck 芳香化 || BreytenbachJC等曾报道在Li2PdCl4催化下，7位取代的2H-1-苯并吡喃与2-氯汞齐-1,3-苯二酚发生Heck 反应，以15.6%-35.9%的产率生成了紫檀素类化合物(图6.60)。应用类似的方法，(±)-prenylpterocarpin，(±)-leiocarpin，(±)-isohemileiocarpin等天然产物及许多有活性的紫檀素类化合物相继被合成。 || 反应条件：Li2PdCl4 || ```smiles","``` || 图6.60 通过Heck 反应合成紫檀素 || #### 6.8.3 1,3-Michael-Claisen缩合"
LIT_0225,26-06-26 黄酮化合物的合成.md,1043,protection,6.8 紫檀素的合成 / 6.8.5 苯乙酸酯与苯甲醛的羟醛缩合,COC(=O)Cc1ccc(OC)cc1O[Si](C)(C)C(C)(C)C.*c1ccc(C=O)c(OCOC)c1>>*c1ccc(C(O)C(C(=O)OC)c2ccc(OC)cc2O[Si](C)(C)C(C)(C)C)c(OCOC)c1,5 BnSH/SnCl4：苄硫取代 + 去 MOM,```smiles || COC(=O)Cc1ccc(OC)cc1O>>COC(=O)Cc1ccc(OC)cc1O[Si](C)(C)C(C)(C)C || ``` || 4 LDA，与 2-MOMO-4-R-苯甲醛羟醛加成 || ```smiles,``` || 5 BnSH/SnCl4：苄硫取代 + 去 MOM || ```smiles || *c1ccc(C(O)C(C(=O)OC)c2ccc(OC)cc2O[Si](C)(C)C(C)(C)C)c(OCOC)c1>>*c1ccc(C(SCc2ccccc2)C(C(=O)OC)c2ccc(OC)cc2O[Si](C)(C)C(C)(C)C)c(O)c1
LIT_0226,26-06-26 黄酮化合物的合成.md,1049,reduction,6.8 紫檀素的合成 / 6.8.5 苯乙酸酯与苯甲醛的羟醛缩合,*c1ccc(C(O)C(C(=O)OC)c2ccc(OC)cc2O[Si](C)(C)C(C)(C)C)c(OCOC)c1>>*c1ccc(C(SCc2ccccc2)C(C(=O)OC)c2ccc(OC)cc2O[Si](C)(C)C(C)(C)C)c(O)c1,5 BnSH/SnCl4：苄硫取代 + 去 MOM 6 LiAlH4 还原酯为醇,```smiles || COC(=O)Cc1ccc(OC)cc1O[Si](C)(C)C(C)(C)C.*c1ccc(C=O)c(OCOC)c1>>*c1ccc(C(O)C(C(=O)OC)c2ccc(OC)cc2O[Si](C)(C)C(C)(C)C)c(OCOC)c1 || ``` || 5 BnSH/SnCl4：苄硫取代 + 去 MOM || ```smiles,``` || 6 LiAlH4 还原酯为醇 || ```smiles || *c1ccc(C(SCc2ccccc2)C(C(=O)OC)c2ccc(OC)cc2O[Si](C)(C)C(C)(C)C)c(O)c1>>*c1ccc(C(SCc2ccccc2)C(CO)c2ccc(OC)cc2O[Si](C)(C)C(C)(C)C)c(O)c1
LIT_0227,26-06-26 黄酮化合物的合成.md,1055,reduction,6.8 紫檀素的合成 / 6.8.5 苯乙酸酯与苯甲醛的羟醛缩合,*c1ccc(C(SCc2ccccc2)C(C(=O)OC)c2ccc(OC)cc2O[Si](C)(C)C(C)(C)C)c(O)c1>>*c1ccc(C(SCc2ccccc2)C(CO)c2ccc(OC)cc2O[Si](C)(C)C(C)(C)C)c(O)c1,6 LiAlH4 还原酯为醇,```smiles || *c1ccc(C(O)C(C(=O)OC)c2ccc(OC)cc2O[Si](C)(C)C(C)(C)C)c(OCOC)c1>>*c1ccc(C(SCc2ccccc2)C(C(=O)OC)c2ccc(OC)cc2O[Si](C)(C)C(C)(C)C)c(O)c1 || ``` || 6 LiAlH4 还原酯为醇 || ```smiles,``` || 7 PPh3/DEAD，Mitsunobu 环合生成异黄烷 || ```smiles || *c1ccc(C(SCc2ccccc2)C(CO)c2ccc(OC)cc2O[Si](C)(C)C(C)(C)C)c(O)c1>>*c1ccc2c(c1)C(SCc1ccccc1)C(c1ccc(OC)cc1O[Si](C)(C)C(C)(C)C)CO2
LIT_0228,26-06-26 黄酮化合物的合成.md,1061,literature_reaction,6.8 紫檀素的合成 / 6.8.5 苯乙酸酯与苯甲醛的羟醛缩合,*c1ccc(C(SCc2ccccc2)C(CO)c2ccc(OC)cc2O[Si](C)(C)C(C)(C)C)c(O)c1>>*c1ccc2c(c1)C(SCc1ccccc1)C(c1ccc(OC)cc1O[Si](C)(C)C(C)(C)C)CO2,,```smiles || *c1ccc(C(SCc2ccccc2)C(C(=O)OC)c2ccc(OC)cc2O[Si](C)(C)C(C)(C)C)c(O)c1>>*c1ccc(C(SCc2ccccc2)C(CO)c2ccc(OC)cc2O[Si](C)(C)C(C)(C)C)c(O)c1 || ``` || 7 PPh3/DEAD，Mitsunobu 环合生成异黄烷 || ```smiles,``` || 8 TBAF 脱 TBDMS || ```smiles || *c1ccc2c(c1)C(SCc1ccccc1)C(c1ccc(OC)cc1O[Si](C)(C)C(C)(C)C)CO2>>*c1ccc2c(c1)C(SCc1ccccc1)C(c1ccc(OC)cc1O)CO2
LIT_0229,26-06-26 黄酮化合物的合成.md,1067,oxidation,6.8 紫檀素的合成 / 6.8.5 苯乙酸酯与苯甲醛的羟醛缩合,*c1ccc2c(c1)C(SCc1ccccc1)C(c1ccc(OC)cc1O[Si](C)(C)C(C)(C)C)CO2>>*c1ccc2c(c1)C(SCc1ccccc1)C(c1ccc(OC)cc1O)CO2,9 AgOTf 或 DMTSF 氧化/活化环合，生成紫檀素骨架,```smiles || *c1ccc(C(SCc2ccccc2)C(CO)c2ccc(OC)cc2O[Si](C)(C)C(C)(C)C)c(O)c1>>*c1ccc2c(c1)C(SCc1ccccc1)C(c1ccc(OC)cc1O[Si](C)(C)C(C)(C)C)CO2 || ``` || 8 TBAF 脱 TBDMS || ```smiles,``` || 9 AgOTf 或 DMTSF 氧化/活化环合，生成紫檀素骨架 || ```smiles || *c1ccc2c(c1)C(SCc1ccccc1)C(c1ccc(OC)cc1O)CO2>>*c1ccc2c(c1)OC1COc3cc(OC)ccc3C21
LIT_0230,26-06-26 黄酮化合物的合成.md,1073,oxidation,6.8 紫檀素的合成 / 6.8.5 苯乙酸酯与苯甲醛的羟醛缩合,*c1ccc2c(c1)C(SCc1ccccc1)C(c1ccc(OC)cc1O)CO2>>*c1ccc2c(c1)OC1COc3cc(OC)ccc3C21,9 AgOTf 或 DMTSF 氧化/活化环合，生成紫檀素骨架 基于‘不利’的5-endo-trig自由基环合反应已成功地合成了紫檀素类化合物。自由基前体——4-(2'-溴芳基氧)-2H-苯并吡喃由芳基丙炔基醚经六步获得，在回流苯中加三丁基锡化氢，发生自由基环合反应，生成了紫檀素类化合物(图6.64)。,```smiles || *c1ccc2c(c1)C(SCc1ccccc1)C(c1ccc(OC)cc1O[Si](C)(C)C(C)(C)C)CO2>>*c1ccc2c(c1)C(SCc1ccccc1)C(c1ccc(OC)cc1O)CO2 || ``` || 9 AgOTf 或 DMTSF 氧化/活化环合，生成紫檀素骨架 || ```smiles,``` || 图6.63 通过羟醛缩合合成紫檀素 || #### 6.8.6 4-(2'-溴芳基氧)-2H-苯并吡喃的5-*endo*-trig自由基环合 || 基于‘不利’的5-endo-trig自由基环合反应已成功地合成了紫檀素类化合物。自由基前体——4-(2'-溴芳基氧)-2H-苯并吡喃由芳基丙炔基醚经六步获得，在回流苯中加三丁基锡化氢，发生自由基环合反应，生成了紫檀素类化合物(图6.64)。
LIT_0231,26-06-26 黄酮化合物的合成.md,1082,literature_reaction,6.8 紫檀素的合成 / 6.8.6 4-(2'-溴芳基氧)-2H-苯并吡喃的5-*endo*-trig自由基环合,[*]c8ccc(OCC#C)cc8>>[*]c5ccc6c(C(Oc7ccc([R])c([R])c7Br)=CCO6)c5,"基于‘不利’的5-endo-trig自由基环合反应已成功地合成了紫檀素类化合物。自由基前体——4-(2'-溴芳基氧)-2H-苯并吡喃由芳基丙炔基醚经六步获得，在回流苯中加三丁基锡化氢，发生自由基环合反应，生成了紫檀素类化合物(图6.64)。 反应条件：Bu3SnH/AlBN, PhH, 80°C",``` || 图6.63 通过羟醛缩合合成紫檀素 || #### 6.8.6 4-(2'-溴芳基氧)-2H-苯并吡喃的5-*endo*-trig自由基环合 || 基于‘不利’的5-endo-trig自由基环合反应已成功地合成了紫檀素类化合物。自由基前体——4-(2'-溴芳基氧)-2H-苯并吡喃由芳基丙炔基醚经六步获得，在回流苯中加三丁基锡化氢，发生自由基环合反应，生成了紫檀素类化合物(图6.64)。 || ```smiles,"``` || 反应条件：Bu3SnH/AlBN, PhH, 80°C || ```smiles || [*]c5ccc6c(C(Oc7ccc([R])c([R])c7Br)=CCO6)c5>>[*]c1ccc2c(C3(Oc4c([C@@]3(CO2)[H])c([R])c([R])cc4)[H])c1 || ```"
LIT_0232,26-06-26 黄酮化合物的合成.md,1087,literature_reaction,6.8 紫檀素的合成 / 6.8.6 4-(2'-溴芳基氧)-2H-苯并吡喃的5-*endo*-trig自由基环合,[*]c5ccc6c(C(Oc7ccc([R])c([R])c7Br)=CCO6)c5>>[*]c1ccc2c(C3(Oc4c([C@@]3(CO2)[H])c([R])c([R])cc4)[H])c1,"基于‘不利’的5-endo-trig自由基环合反应已成功地合成了紫檀素类化合物。自由基前体——4-(2'-溴芳基氧)-2H-苯并吡喃由芳基丙炔基醚经六步获得，在回流苯中加三丁基锡化氢，发生自由基环合反应，生成了紫檀素类化合物(图6.64)。 反应条件：Bu3SnH/AlBN, PhH, 80°C #### 6.8.7 Pd(Ⅱ)催化 2-炔基苯酚在CO下的环合","```smiles || [*]c8ccc(OCC#C)cc8>>[*]c5ccc6c(C(Oc7ccc([R])c([R])c7Br)=CCO6)c5 || ``` || 反应条件：Bu3SnH/AlBN, PhH, 80°C || ```smiles","``` || 图6.64 通过自由基环合合成紫檀素：* = H, -OMe; R = H, -CH=CH-CH=CH2 || #### 6.8.7 Pd(Ⅱ)催化 2-炔基苯酚在CO下的环合"
LIT_0246,26-06-26 黄酮化合物的合成.md,1193,protection,6.8 紫檀素的合成 / 6.8.10 苯甲酰氯与苯乙酸甲酯的酰化,O=C(OC)Cc1cc(OC)ccc1O[R].ClC(c2c(OC)cc(OC)cc2)=O.CCCC[Li]>>O=C(C(C(OC)=O)c3cc(OC)ccc3O[R])c4c(OC)cc(OC)cc4,"#### 6.8.10 苯甲酰氯与苯乙酸甲酯的酰化 Maharik NA等报道了只需两步合成 coumestrol的新方法。2,4-二甲氧基苯甲酰氯与不同基团保护的2-羟基-4-甲氧基苯乙酸甲酯，在n-BuLi下发生C-酰化反应，最后用BBr环合、脱甲基即可(图6.69)。此法具有操作简便、条件温和、产率高的优点。 反应条件：BBr3","``` || 图6.68 通过分子内氢原子提取-环化合成紫檀素 || #### 6.8.10 苯甲酰氯与苯乙酸甲酯的酰化 || Maharik NA等报道了只需两步合成 coumestrol的新方法。2,4-二甲氧基苯甲酰氯与不同基团保护的2-羟基-4-甲氧基苯乙酸甲酯，在n-BuLi下发生C-酰化反应，最后用BBr环合、脱甲基即可(图6.69)。此法具有操作简便、条件温和、产率高的优点。 || ```smiles",``` || 反应条件：BBr3 || ```smiles || O=C(C(C(OC)=O)c1cc(OC)ccc1O[R])c2c(OC)cc(OC)cc2>>Oc3cc4oc(=O)c5c6ccc(O)cc6oc5c4cc3
LIT_0247,26-06-26 黄酮化合物的合成.md,1199,literature_reaction,6.8 紫檀素的合成 / 6.8.10 苯甲酰氯与苯乙酸甲酯的酰化,O=C(C(C(OC)=O)c1cc(OC)ccc1O[R])c2c(OC)cc(OC)cc2>>Oc3cc4oc(=O)c5c6ccc(O)cc6oc5c4cc3,反应条件：BBr3,```smiles || O=C(OC)Cc1cc(OC)ccc1O[R].ClC(c2c(OC)cc(OC)cc2)=O.CCCC[Li]>>O=C(C(C(OC)=O)c3cc(OC)ccc3O[R])c4c(OC)cc(OC)cc4 || ``` || 反应条件：BBr3 || ```smiles,``` || 图6.69 coumestrol的合成 || ### 6.9 黄烷与异黄烷的合成
LIT_0248,26-06-26 黄酮化合物的合成.md,1211,flavanone_synthesis,6.9 黄烷与异黄烷的合成 / 6.9.1 黄烷的合成,COc1cc(OC(C2)c3cc(OC)c(O)cc3)c(C42SCCCS4)c(O[*])c1>>[*]Oc5cc(OC)cc6c5C(CC(O6)c7ccc(O)c(OC)c7)=O,"黄烷类化合物是自然界中广泛存在的一类天然产物，其分子中含有3,4-二氢-2-苯基-1-苯并毗喃骨架，属于二氢黄酮类化合物。由于分子结构相对简单，合成起来比较容易。一般采用直接还原二氢黄酮的方法，NaBH4、Pd/C等均可实现。如果把黄烷酮转化成缩硫酮，然后催化还原脱除羰基生成黄烷(图 6.70),该方法具有反应条件温和、产率高和产物单一的优点。","### 6.9 黄烷与异黄烷的合成 || #### 6.9.1 黄烷的合成 || 黄烷类化合物是自然界中广泛存在的一类天然产物，其分子中含有3,4-二氢-2-苯基-1-苯并毗喃骨架，属于二氢黄酮类化合物。由于分子结构相对简单，合成起来比较容易。一般采用直接还原二氢黄酮的方法，NaBH4、Pd/C等均可实现。如果把黄烷酮转化成缩硫酮，然后催化还原脱除羰基生成黄烷(图 6.70),该方法具有反应条件温和、产率高和产物单一的优点。 || ```smiles",``` || ```smiles || COc1cc(OC(C2)c3cc(OC)c(O)cc3)c(C42SCCCS4)c(O[*])c1>>[*]Oc5cc(OC)cc6c5CCC(O6)c7ccc(O)c(OC)c7 || ``` || 图6.70 黄烷的合成
LIT_0249,26-06-26 黄酮化合物的合成.md,1214,chalcone_synthesis,6.9 黄烷与异黄烷的合成 / 6.9.1 黄烷的合成,COc1cc(OC(C2)c3cc(OC)c(O)cc3)c(C42SCCCS4)c(O[*])c1>>[*]Oc5cc(OC)cc6c5CCC(O6)c7ccc(O)c(OC)c7,"黄烷类化合物是自然界中广泛存在的一类天然产物，其分子中含有3,4-二氢-2-苯基-1-苯并毗喃骨架，属于二氢黄酮类化合物。由于分子结构相对简单，合成起来比较容易。一般采用直接还原二氢黄酮的方法，NaBH4、Pd/C等均可实现。如果把黄烷酮转化成缩硫酮，然后催化还原脱除羰基生成黄烷(图 6.70),该方法具有反应条件温和、产率高和产物单一的优点。 2'-羟基查耳酮先催化氢化成醇，再用路易斯酸(BF3·Et2O)环合，不经二氢异黄酮就可得到黄烷化合物。此法简单、有效，适合于天然黄烷类化合物的合成。例如，(±)-3',7-二羟基-4'-甲氧基黄烷的合成(图 6.71)。","黄烷类化合物是自然界中广泛存在的一类天然产物，其分子中含有3,4-二氢-2-苯基-1-苯并毗喃骨架，属于二氢黄酮类化合物。由于分子结构相对简单，合成起来比较容易。一般采用直接还原二氢黄酮的方法，NaBH4、Pd/C等均可实现。如果把黄烷酮转化成缩硫酮，然后催化还原脱除羰基生成黄烷(图 6.70),该方法具有反应条件温和、产率高和产物单一的优点。 || ```smiles || COc1cc(OC(C2)c3cc(OC)c(O)cc3)c(C42SCCCS4)c(O[*])c1>>[*]Oc5cc(OC)cc6c5C(CC(O6)c7ccc(O)c(OC)c7)=O || ``` || ```smiles","``` || 图6.70 黄烷的合成 || 2'-羟基查耳酮先催化氢化成醇，再用路易斯酸(BF3·Et2O)环合，不经二氢异黄酮就可得到黄烷化合物。此法简单、有效，适合于天然黄烷类化合物的合成。例如，(±)-3',7-二羟基-4'-甲氧基黄烷的合成(图 6.71)。 || KOH"
LIT_0256,26-06-26 黄酮化合物的合成.md,1261,reduction,6.9 黄烷与异黄烷的合成 / 6.9.1 黄烷的合成,[*]C1=CC=C([C@@H](CC(OC(C)(C)C)=O)O)C=C1>>[*]C2=CC=C([C@@H](CCO)O)C=C2,"Choi ET等以光活的β-芳基-β-羟基酯为原料，不对称合成了黄烷化合物。以(R)-β-芳基-β-羟基酯为起始物，先经四氢铝锂还原得到相应的1,3-二醇，再选择性碘化可得3-碘丙醇化合物。在Mitsunobu条件下，构型发生改变，生成(S)-芳基醚。最后，在丁基锂存在下环合，得到(S)-chroman化合物(图6.72)。 四氢铝锂还原得1, 3-二醇：LiAlH4 选择性碘化可得3-碘丙醇化合物：PPh3 Mitsunobu条件下，构型发生改变，生成(S)-芳基醚：DEAD, PPh3","``` || 图6.71 (±)-3′,7-二羟基-4′-甲氧基黄烷的合成 || Choi ET等以光活的β-芳基-β-羟基酯为原料，不对称合成了黄烷化合物。以(R)-β-芳基-β-羟基酯为起始物，先经四氢铝锂还原得到相应的1,3-二醇，再选择性碘化可得3-碘丙醇化合物。在Mitsunobu条件下，构型发生改变，生成(S)-芳基醚。最后，在丁基锂存在下环合，得到(S)-chroman化合物(图6.72)。 || 四氢铝锂还原得1, 3-二醇：LiAlH4 || ```smiles",``` || 选择性碘化可得3-碘丙醇化合物：PPh3 || ```smiles || [*]C2=CC=C([C@@H](CCO)O)C=C2>>[*]C1=CC=C([C@@H](CCI)O)C=C1 || ```
LIT_0257,26-06-26 黄酮化合物的合成.md,1265,reduction,6.9 黄烷与异黄烷的合成 / 6.9.1 黄烷的合成,[*]C2=CC=C([C@@H](CCO)O)C=C2>>[*]C1=CC=C([C@@H](CCI)O)C=C1,"Choi ET等以光活的β-芳基-β-羟基酯为原料，不对称合成了黄烷化合物。以(R)-β-芳基-β-羟基酯为起始物，先经四氢铝锂还原得到相应的1,3-二醇，再选择性碘化可得3-碘丙醇化合物。在Mitsunobu条件下，构型发生改变，生成(S)-芳基醚。最后，在丁基锂存在下环合，得到(S)-chroman化合物(图6.72)。 四氢铝锂还原得1, 3-二醇：LiAlH4 选择性碘化可得3-碘丙醇化合物：PPh3 Mitsunobu条件下，构型发生改变，生成(S)-芳基醚：DEAD, PPh3",```smiles || [*]C1=CC=C([C@@H](CC(OC(C)(C)C)=O)O)C=C1>>[*]C2=CC=C([C@@H](CCO)O)C=C2 || ``` || 选择性碘化可得3-碘丙醇化合物：PPh3 || ```smiles,"``` || Mitsunobu条件下，构型发生改变，生成(S)-芳基醚：DEAD, PPh3 || ```smiles || [*]C1=CC=C([C@@H](CCI)O)C=C1.[*]C2=CC=C(O)C(Br)=C2>>[*]C3=CC=C([C@@H](OC4=CC=C([*])C=C4Br)CCI)C=C3 || ```"
LIT_0258,26-06-26 黄酮化合物的合成.md,1269,methylation,6.9 黄烷与异黄烷的合成 / 6.9.1 黄烷的合成,[*]C1=CC=C([C@@H](CCI)O)C=C1.[*]C2=CC=C(O)C(Br)=C2>>[*]C3=CC=C([C@@H](OC4=CC=C([*])C=C4Br)CCI)C=C3,"选择性碘化可得3-碘丙醇化合物：PPh3 Mitsunobu条件下，构型发生改变，生成(S)-芳基醚：DEAD, PPh3","```smiles || [*]C2=CC=C([C@@H](CCO)O)C=C2>>[*]C1=CC=C([C@@H](CCI)O)C=C1 || ``` || Mitsunobu条件下，构型发生改变，生成(S)-芳基醚：DEAD, PPh3 || ```smiles",``` || 最后在丁基锂存在下环合 || ```smiles || [*]C1=CC=C([C@@H](OC2=CC=C([*])C=C2Br)CCI)C=C1.CCCC[Li]>>[*]C3=CC=C([C@@H]4CCC5=CC([*])=CC=C5O4)C=C3 || ```
LIT_0259,26-06-26 黄酮化合物的合成.md,1273,methylation,6.9 黄烷与异黄烷的合成 / 6.9.1 黄烷的合成,[*]C1=CC=C([C@@H](OC2=CC=C([*])C=C2Br)CCI)C=C1.CCCC[Li]>>[*]C3=CC=C([C@@H]4CCC5=CC([*])=CC=C5O4)C=C3,"Mitsunobu条件下，构型发生改变，生成(S)-芳基醚：DEAD, PPh3",```smiles || [*]C1=CC=C([C@@H](CCI)O)C=C1.[*]C2=CC=C(O)C(Br)=C2>>[*]C3=CC=C([C@@H](OC4=CC=C([*])C=C4Br)CCI)C=C3 || ``` || 最后在丁基锂存在下环合 || ```smiles,``` || 图6.72 (S)-chroman的合成 || #### 6.9.2 异黄烷的合成
LIT_0261,26-06-26 黄酮化合物的合成.md,1291,literature_reaction,6.9 黄烷与异黄烷的合成 / 6.9.2 异黄烷的合成,C[C@@H]1[C@@H](c2ccccc2)[N-]C(=O)N1C.O=C(Cl)Cc1ccc([*:1])cc1[*:2]>>C[C@@H]1[C@@H](c2ccccc2)N(C(=O)Cc2ccc([*:1])cc2[*:2])C(=O)N1C.[Cl-],,"```smiles || C[C@@H]1[C@@H](c2ccccc2)N([Si](C)(C)C)C(=O)N1C.[F-]>>C[C@@H]1[C@@H](c2ccccc2)[N-]C(=O)N1C.C[Si](C)(C)F || ``` || Bu₄NF, MeCN || ```smiles",``` || 异丙基环己基氨基锂 || ```smiles || C[C@@H]1[C@@H](c2ccccc2)N(C(=O)Cc2ccc([*:1])cc2[*:2])C(=O)N1C.CC(C)[N-]C1CCCCC1.[Li+]>>C[C@@H]1[C@@H](c2ccccc2)N(C(=O)[CH-]c2ccc([*:1])cc2[*:2])C(=O)N1C.CC(C)NC1CCCCC1.[Li+]
LIT_0262,26-06-26 黄酮化合物的合成.md,1297,literature_reaction,6.9 黄烷与异黄烷的合成 / 6.9.2 异黄烷的合成,C[C@@H]1[C@@H](c2ccccc2)N(C(=O)Cc2ccc([*:1])cc2[*:2])C(=O)N1C.CC(C)[N-]C1CCCCC1.[Li+]>>C[C@@H]1[C@@H](c2ccccc2)N(C(=O)[CH-]c2ccc([*:1])cc2[*:2])C(=O)N1C.CC(C)NC1CCCCC1.[Li+],,```smiles || C[C@@H]1[C@@H](c2ccccc2)[N-]C(=O)N1C.O=C(Cl)Cc1ccc([*:1])cc1[*:2]>>C[C@@H]1[C@@H](c2ccccc2)N(C(=O)Cc2ccc([*:1])cc2[*:2])C(=O)N1C.[Cl-] || ``` || 异丙基环己基氨基锂 || ```smiles,"``` || o-MOM-苄溴, THF–CH₂Cl₂ || ```smiles || C[C@@H]1[C@@H](c2ccccc2)N(C(=O)[CH-]c2ccc([*:1])cc2[*:2])C(=O)N1C.COCOc1ccccc1CBr>>COCOc1ccccc1CC(C(=O)N1C(=O)N(C)[C@H](C)[C@H]1c1ccccc1)c1ccc([*:1])cc1[*:2].[Br-]"
LIT_0263,26-06-26 黄酮化合物的合成.md,1303,literature_reaction,6.9 黄烷与异黄烷的合成 / 6.9.2 异黄烷的合成,C[C@@H]1[C@@H](c2ccccc2)N(C(=O)[CH-]c2ccc([*:1])cc2[*:2])C(=O)N1C.COCOc1ccccc1CBr>>COCOc1ccccc1CC(C(=O)N1C(=O)N(C)[C@H](C)[C@H]1c1ccccc1)c1ccc([*:1])cc1[*:2].[Br-],,"```smiles || C[C@@H]1[C@@H](c2ccccc2)N(C(=O)Cc2ccc([*:1])cc2[*:2])C(=O)N1C.CC(C)[N-]C1CCCCC1.[Li+]>>C[C@@H]1[C@@H](c2ccccc2)N(C(=O)[CH-]c2ccc([*:1])cc2[*:2])C(=O)N1C.CC(C)NC1CCCCC1.[Li+] || ``` || o-MOM-苄溴, THF–CH₂Cl₂ || ```smiles",``` || LiAlH₄ || ```smiles || COCOc1ccccc1CC(C(=O)N1C(=O)N(C)[C@H](C)[C@H]1c1ccccc1)c1ccc([*:1])cc1[*:2].[AlH4-].[Li+]>>COCOc1ccccc1CC(CO)c1ccc([*:1])cc1[*:2].C[C@@H]1[C@@H](c2ccccc2)NC(=O)N1C.[Li+]
LIT_0264,26-06-26 黄酮化合物的合成.md,1309,reduction,6.9 黄烷与异黄烷的合成 / 6.9.2 异黄烷的合成,COCOc1ccccc1CC(C(=O)N1C(=O)N(C)[C@H](C)[C@H]1c1ccccc1)c1ccc([*:1])cc1[*:2].[AlH4-].[Li+]>>COCOc1ccccc1CC(CO)c1ccc([*:1])cc1[*:2].C[C@@H]1[C@@H](c2ccccc2)NC(=O)N1C.[Li+],酸性脱 MOM,```smiles || C[C@@H]1[C@@H](c2ccccc2)N(C(=O)[CH-]c2ccc([*:1])cc2[*:2])C(=O)N1C.COCOc1ccccc1CBr>>COCOc1ccccc1CC(C(=O)N1C(=O)N(C)[C@H](C)[C@H]1c1ccccc1)c1ccc([*:1])cc1[*:2].[Br-] || ``` || LiAlH₄ || ```smiles,``` || 酸性脱 MOM || ```smiles || COCOc1ccccc1CC(CO)c1ccc([*:1])cc1[*:2].O>>OCC(Cc1ccccc1O)c1ccc([*:1])cc1[*:2].C=O.CO
LIT_0265,26-06-26 黄酮化合物的合成.md,1315,literature_reaction,6.9 黄烷与异黄烷的合成 / 6.9.2 异黄烷的合成,COCOc1ccccc1CC(CO)c1ccc([*:1])cc1[*:2].O>>OCC(Cc1ccccc1O)c1ccc([*:1])cc1[*:2].C=O.CO,酸性脱 MOM,```smiles || COCOc1ccccc1CC(C(=O)N1C(=O)N(C)[C@H](C)[C@H]1c1ccccc1)c1ccc([*:1])cc1[*:2].[AlH4-].[Li+]>>COCOc1ccccc1CC(CO)c1ccc([*:1])cc1[*:2].C[C@@H]1[C@@H](c2ccccc2)NC(=O)N1C.[Li+] || ``` || 酸性脱 MOM || ```smiles,"``` || BrPhSO₂Cl, Py, CH₂Cl₂, rt || ```smiles || OCC(Cc1ccccc1O)c1ccc([*:1])cc1[*:2].O=S(=O)(Cl)c1ccc(Br)cc1>>O=S(=O)(OCC(Cc1ccccc1O)c1ccc([*:1])cc1[*:2])c1ccc(Br)cc1.Cl"
LIT_0266,26-06-26 黄酮化合物的合成.md,1321,literature_reaction,6.9 黄烷与异黄烷的合成 / 6.9.2 异黄烷的合成,OCC(Cc1ccccc1O)c1ccc([*:1])cc1[*:2].O=S(=O)(Cl)c1ccc(Br)cc1>>O=S(=O)(OCC(Cc1ccccc1O)c1ccc([*:1])cc1[*:2])c1ccc(Br)cc1.Cl,,"```smiles || COCOc1ccccc1CC(CO)c1ccc([*:1])cc1[*:2].O>>OCC(Cc1ccccc1O)c1ccc([*:1])cc1[*:2].C=O.CO || ``` || BrPhSO₂Cl, Py, CH₂Cl₂, rt || ```smiles",``` || NaH || ```smiles || O=S(=O)(OCC(Cc1ccccc1O)c1ccc([*:1])cc1[*:2])c1ccc(Br)cc1.[Na+].[H-]>>O=S(=O)(OCC(Cc1ccccc1[O-])c1ccc([*:1])cc1[*:2])c1ccc(Br)cc1.[Na+].[H][H]
LIT_0267,26-06-26 黄酮化合物的合成.md,1327,reduction,6.9 黄烷与异黄烷的合成 / 6.9.2 异黄烷的合成,O=S(=O)(OCC(Cc1ccccc1O)c1ccc([*:1])cc1[*:2])c1ccc(Br)cc1.[Na+].[H-]>>O=S(=O)(OCC(Cc1ccccc1[O-])c1ccc([*:1])cc1[*:2])c1ccc(Br)cc1.[Na+].[H][H],,```smiles || OCC(Cc1ccccc1O)c1ccc([*:1])cc1[*:2].O=S(=O)(Cl)c1ccc(Br)cc1>>O=S(=O)(OCC(Cc1ccccc1O)c1ccc([*:1])cc1[*:2])c1ccc(Br)cc1.Cl || ``` || NaH || ```smiles,``` || 分子内 SN2 环合 || ```smiles || O=S(=O)(OCC(Cc1ccccc1[O-])c1ccc([*:1])cc1[*:2])c1ccc(Br)cc1>>c1ccc2c(c1)CC(c1ccc([*:1])cc1[*:2])CO2.O=S(=O)([O-])c1ccc(Br)cc1
LIT_0268,26-06-26 黄酮化合物的合成.md,1333,literature_reaction,6.9 黄烷与异黄烷的合成 / 6.9.2 异黄烷的合成,O=S(=O)(OCC(Cc1ccccc1[O-])c1ccc([*:1])cc1[*:2])c1ccc(Br)cc1>>c1ccc2c(c1)CC(c1ccc([*:1])cc1[*:2])CO2.O=S(=O)([O-])c1ccc(Br)cc1,"或 PPh₃, 偶氮二甲酸二乙酯, THF, rt",```smiles || O=S(=O)(OCC(Cc1ccccc1O)c1ccc([*:1])cc1[*:2])c1ccc(Br)cc1.[Na+].[H-]>>O=S(=O)(OCC(Cc1ccccc1[O-])c1ccc([*:1])cc1[*:2])c1ccc(Br)cc1.[Na+].[H][H] || ``` || 分子内 SN2 环合 || ```smiles,"``` || 或 PPh₃, 偶氮二甲酸二乙酯, THF, rt || ```smiles || OCC(Cc1ccccc1O)c1ccc([*:1])cc1[*:2].P(c1ccccc1)(c1ccccc1)c1ccccc1.CCOC(=O)N=NC(=O)OCC>>c1ccc2c(c1)CC(c1ccc([*:1])cc1[*:2])CO2.O=P(c1ccccc1)(c1ccccc1)c1ccccc1.CCOC(=O)NNC(=O)OCC"
LIT_0269,26-06-26 黄酮化合物的合成.md,1339,literature_reaction,6.9 黄烷与异黄烷的合成 / 6.9.2 异黄烷的合成,OCC(Cc1ccccc1O)c1ccc([*:1])cc1[*:2].P(c1ccccc1)(c1ccccc1)c1ccccc1.CCOC(=O)N=NC(=O)OCC>>c1ccc2c(c1)CC(c1ccc([*:1])cc1[*:2])CO2.O=P(c1ccccc1)(c1ccccc1)c1ccccc1.CCOC(=O)NNC(=O)OCC,"或 PPh₃, 偶氮二甲酸二乙酯, THF, rt 在碘苯二乙酯的存在下，苯并二氢吡喃酸可以与苯醌进行偶联，生成异黄烷类似物——colutequinone A和 colutequinone B。 反应条件：碘苯二乙酯","```smiles || O=S(=O)(OCC(Cc1ccccc1[O-])c1ccc([*:1])cc1[*:2])c1ccc(Br)cc1>>c1ccc2c(c1)CC(c1ccc([*:1])cc1[*:2])CO2.O=S(=O)([O-])c1ccc(Br)cc1 || ``` || 或 PPh₃, 偶氮二甲酸二乙酯, THF, rt || ```smiles",``` || 图6.73 异黄烷的合成 || 在碘苯二乙酯的存在下，苯并二氢吡喃酸可以与苯醌进行偶联，生成异黄烷类似物——colutequinone A和 colutequinone B。 || 反应条件：碘苯二乙酯
LIT_0281,26-06-26 黄酮化合物的合成.md,1427,literature_reaction,6.10 鱼藤酮的合成 / 6.10.2 4-乙氧羰基苯并吡喃-3-酮与苯酚的缩合,Oc%11cccc(O)c%11.COC(C1C(COc2cc([*])c([*])cc21)=O)=O>>Oc3ccc4c(=O)c5c(COc6c5cc([*])c([*])c6)oc4c3.Oc7c8c(=O)c9c(COc%10c9cc([*])c([*])c%10)oc8ccc7,"此方法与上述过程相似。其中，苯酚必须含有活化基团，比如羟基、甲氧基等。以间二酚为例,直接与4-乙氧羰基苯并吡喃-3-酮进行热缩合，可以得到脱氢鱼藤酮(图6.77)。反应存在着区域选择性问题，并且有副产物，产率只有20%左右。","图6.76 脱氢鱼藤酮的合成 || #### 6.10.2 4-乙氧羰基苯并吡喃-3-酮与苯酚的缩合 || 此方法与上述过程相似。其中，苯酚必须含有活化基团，比如羟基、甲氧基等。以间二酚为例,直接与4-乙氧羰基苯并吡喃-3-酮进行热缩合，可以得到脱氢鱼藤酮(图6.77)。反应存在着区域选择性问题，并且有副产物，产率只有20%左右。 || ```smiles",``` || 图6.77 4-乙氧羰基苯并吡喃-3-酮与苯酚的缩合合成鱼藤酮 || #### 6.10.3 异黄酮的仿生合成
LIT_0297,26-06-26 黄酮化合物的合成.md,1538,reduction,6.10 鱼藤酮的合成 / 6.10.5 苯并吡喃酮的芳酰化,Fc1cc([R])ccc1C(Cl)=O.c5(SCC(N6CCCC6)=C7)c7cccc5>>Fc2cc([R])ccc2C(C(c3ccccc3SC4)C4=O)=O,这是合成鱼藤酮较为常用的方法。所有的毗喃酮均需活化，比如经烯胺、锂盐或磺化等处理。Miyano M197于1965年首先用烯胺芳酰化的方法对鱼藤酮进行了合成。类似地，Gab-butt等以硫代苯并-3-酮为原料，经烯胺进行芳酰化，在含有碳酸钾的甲苯溶液中回流，生成了硫代的脱氢鱼藤酮。用DIBAL还原，可以同时得到顺、反式硫代鱼藤酮(图6.82)。 反应条件：K2CO3 反应条件：DIBAL,这是合成鱼藤酮较为常用的方法。所有的毗喃酮均需活化，比如经烯胺、锂盐或磺化等处理。Miyano M197于1965年首先用烯胺芳酰化的方法对鱼藤酮进行了合成。类似地，Gab-butt等以硫代苯并-3-酮为原料，经烯胺进行芳酰化，在含有碳酸钾的甲苯溶液中回流，生成了硫代的脱氢鱼藤酮。用DIBAL还原，可以同时得到顺、反式硫代鱼藤酮(图6.82)。 || ```smiles || O=C(C1)CSc2c1cccc2>>c3(SCC(N4CCCC4)=C5)c5cccc3 || ``` || ```smiles,``` || 反应条件：K2CO3 || ```smiles || Fc1cc([R])ccc1C(C(c2ccccc2SC3)C3=O)=O>>O=c4c(c5ccccc5SC6)c6oc7cc([R])ccc47 || ```
LIT_0298,26-06-26 黄酮化合物的合成.md,1542,literature_reaction,6.10 鱼藤酮的合成 / 6.10.5 苯并吡喃酮的芳酰化,Fc1cc([R])ccc1C(C(c2ccccc2SC3)C3=O)=O>>O=c4c(c5ccccc5SC6)c6oc7cc([R])ccc47,反应条件：K2CO3 反应条件：DIBAL,```smiles || Fc1cc([R])ccc1C(Cl)=O.c5(SCC(N6CCCC6)=C7)c7cccc5>>Fc2cc([R])ccc2C(C(c3ccccc3SC4)C4=O)=O || ``` || 反应条件：K2CO3 || ```smiles,``` || 反应条件：DIBAL || ```smiles || O=c1c(c2ccccc2SC3)c3oc4cc([R])ccc14>>O=C(C5C(O6)CSc7ccccc57)c8c6cc([R])cc8 || ```
LIT_0299,26-06-26 黄酮化合物的合成.md,1546,literature_reaction,6.10 鱼藤酮的合成 / 6.10.5 苯并吡喃酮的芳酰化,O=c1c(c2ccccc2SC3)c3oc4cc([R])ccc14>>O=C(C5C(O6)CSc7ccccc57)c8c6cc([R])cc8,反应条件：K2CO3 反应条件：DIBAL,```smiles || Fc1cc([R])ccc1C(C(c2ccccc2SC3)C3=O)=O>>O=c4c(c5ccccc5SC6)c6oc7cc([R])ccc47 || ``` || 反应条件：DIBAL || ```smiles,"``` || 图6.82 通过烯胺芳酰化合成鱼藤酮 (R = H, F) || 2位取代的苯并吡喃-4-酮先经PBr3溴化，用丁基锂处理得到锂盐，再进行芳酰化、分子内环合可以获得6位取代的鱼藤酮化合物(图6.83)。"
LIT_0300,26-06-26 黄酮化合物的合成.md,1554,literature_reaction,6.10 鱼藤酮的合成 / 6.10.5 苯并吡喃酮的芳酰化,O=C1CC([R])([*])Oc2c1cccc2.BrP(Br)Br>>BrC3=CC([R])([*])Oc4c3cccc4,,"O=c1c(c2ccccc2SC3)c3oc4cc([R])ccc14>>O=C(C5C(O6)CSc7ccccc57)c8c6cc([R])cc8 || ``` || 图6.82 通过烯胺芳酰化合成鱼藤酮 (R = H, F) || 2位取代的苯并吡喃-4-酮先经PBr3溴化，用丁基锂处理得到锂盐，再进行芳酰化、分子内环合可以获得6位取代的鱼藤酮化合物(图6.83)。 || ```smiles",``` || ```smiles || BrC1=CC([R])([*])Oc2c1cccc2>>[R]C(C=C3C(c4ccc(OC)cc4OC)=O)([*])Oc5c3cccc5 || ``` || ```smiles
LIT_0301,26-06-26 黄酮化合物的合成.md,1557,literature_reaction,6.10 鱼藤酮的合成 / 6.10.5 苯并吡喃酮的芳酰化,BrC1=CC([R])([*])Oc2c1cccc2>>[R]C(C=C3C(c4ccc(OC)cc4OC)=O)([*])Oc5c3cccc5,,2位取代的苯并吡喃-4-酮先经PBr3溴化，用丁基锂处理得到锂盐，再进行芳酰化、分子内环合可以获得6位取代的鱼藤酮化合物(图6.83)。 || ```smiles || O=C1CC([R])([*])Oc2c1cccc2.BrP(Br)Br>>BrC3=CC([R])([*])Oc4c3cccc4 || ``` || ```smiles,"``` || ```smiles || [R]C(C=C1C(c2ccc(OC)cc2OC)=O)([*])Oc3c1cccc3>>[R]C(C4C5C(c6ccc(OC)cc6O4)=O)([*])Oc7c5cccc7 || ``` || 图6.83 通过锂盐合成鱼藤酮( \* = H, Me; R = H, OMe, *i*-Pr)"
LIT_0302,26-06-26 黄酮化合物的合成.md,1560,oxidation,6.10 鱼藤酮的合成 / 6.10.5 苯并吡喃酮的芳酰化,[R]C(C=C1C(c2ccc(OC)cc2OC)=O)([*])Oc3c1cccc3>>[R]C(C4C5C(c6ccc(OC)cc6O4)=O)([*])Oc7c5cccc7,苯并吡喃-4-酮也可以通过下面的方法进行芳酰化。先经硼氢化、硫醚化，再用间氯过氧苯甲酸氧化成砜，即在吡喃酮的4位引入苯磺酰基。随后进行芳基化，并用Raney-Ni还原脱去苯磺酰基。接着分子碘氧化、三氯化硼脱甲基，最后分子内环合得到鱼藤酮化合物。,``` || ```smiles || BrC1=CC([R])([*])Oc2c1cccc2>>[R]C(C=C3C(c4ccc(OC)cc4OC)=O)([*])Oc5c3cccc5 || ``` || ```smiles,"``` || 图6.83 通过锂盐合成鱼藤酮( \* = H, Me; R = H, OMe, *i*-Pr) || 苯并吡喃-4-酮也可以通过下面的方法进行芳酰化。先经硼氢化、硫醚化，再用间氯过氧苯甲酸氧化成砜，即在吡喃酮的4位引入苯磺酰基。随后进行芳基化，并用Raney-Ni还原脱去苯磺酰基。接着分子碘氧化、三氯化硼脱甲基，最后分子内环合得到鱼藤酮化合物。"
LIT_0309,26-06-26 黄酮化合物的合成.md,1608,literature_reaction,6.10 鱼藤酮的合成 / 6.10.7 Wadsworth-Emmons 反应与Mukaiyama反应,CCOP(OCC)(C(c3ccccc3OC)OC)=O.CCOC(CSc4cc([*])c([*])cc4C=O)OCC>>CCOC(CSc1cc([*])c([*])cc1/C=C(OC)/c2c(OC)cccc2)OCC,,图6.86 脱氢鱼藤酮的合成 || #### 6.10.7 Wadsworth-Emmons 反应与Mukaiyama反应 || 1991年，Crombie L等曾报道一条新的合成路线，共计4步。其中，前两步分别使用了Wadsworth-Emmons 反应与Mukaiyama反应，正是此路线的关键步骤(图6.87)。 || 1. Wadsworth-Emmons反应 || ```smiles,``` || 2. 1. TiCl4 (Mukaiyama); 2.BBr3 || ```smiles || CCOC(CSc4cc([*])c([*])cc4/C=C(OC)/c5c(OC)cccc5)OCC>>[*]Oc1c(C(C2=CCSc3cc([*])c([*])cc32)=O)cccc1 || ```
LIT_0310,26-06-26 黄酮化合物的合成.md,1613,literature_reaction,6.10 鱼藤酮的合成 / 6.10.7 Wadsworth-Emmons 反应与Mukaiyama反应,CCOC(CSc4cc([*])c([*])cc4/C=C(OC)/c5c(OC)cccc5)OCC>>[*]Oc1c(C(C2=CCSc3cc([*])c([*])cc32)=O)cccc1,3. 反应条件：NaOAc,```smiles || CCOP(OCC)(C(c3ccccc3OC)OC)=O.CCOC(CSc4cc([*])c([*])cc4C=O)OCC>>CCOC(CSc1cc([*])c([*])cc1/C=C(OC)/c2c(OC)cccc2)OCC || ``` || 2. 1. TiCl4 (Mukaiyama); 2.BBr3 || ```smiles,``` || 3. 反应条件：NaOAc || ```smiles || [*]Oc5c(C(C6=CCSc7cc([*])c([*])cc76)=O)cccc5>>[H][C@@]1(Oc2c3cccc2)CSc4cc([*])c([*])cc4[C@]1([H])C3=O || ```
LIT_0311,26-06-26 黄酮化合物的合成.md,1618,literature_reaction,6.10 鱼藤酮的合成 / 6.10.7 Wadsworth-Emmons 反应与Mukaiyama反应,[*]Oc5c(C(C6=CCSc7cc([*])c([*])cc76)=O)cccc5>>[H][C@@]1(Oc2c3cccc2)CSc4cc([*])c([*])cc4[C@]1([H])C3=O,3. 反应条件：NaOAc,```smiles || CCOC(CSc4cc([*])c([*])cc4/C=C(OC)/c5c(OC)cccc5)OCC>>[*]Oc1c(C(C2=CCSc3cc([*])c([*])cc32)=O)cccc1 || ``` || 3. 反应条件：NaOAc || ```smiles,"``` || 图6.87 通过Wadsworth-Emmons反应与Mukaiyama反应合成鱼藤酮 (\* = H, OMe) || #### 6.10.8 频哪醇偶联反应"
LIT_0334,26-06-26 黄酮化合物的合成.md,1799,o_glycosylation,6.12 黄酮苷的合成 / 6.12.1 氧苷黄酮的合成 / 6.12.1.3 三氯乙酰亚胺酯糖,Oc1cc(OC(C)=O)c(c(oc(c2ccc(O[R])c(O[R])c2)c3O[C@H]4[C@@H](O[C@H]5[C@H](OC(C6=CC=CC=C6)=O)[C@H](OC(C7=CC=CC=C7)=O)C(OC(C8=CC=CC=C8)=O)[C@H](C)O5)[C@@H](OC(C)=O)C(OC(C)=O)CO4)c1)c3=O.O=C(NC(Cl)(Cl)Cl)C9[C@H](OC(C)=O)[C@H](OC(C)=O)C(OC(C)=O)[C@@H](COC(C)=O)C9>>[R]Oc%10ccc(c(oc%11cc(O[C@H]%12[C@H](OC(C)=O)[C@H](OC(C)=O)C(OC(C)=O)[C@@H](COC(C)=O)C%12)cc(OC(C)=O)c%11%13)c(O[C@H]%14[C@@H](O[C@H]%15[C@H](OC(C%16=CC=CC=C%16)=O)[C@H](OC(C%17=CC=CC=C%17)=O)C(OC(C%18=CC=CC=C%18)=O)[C@H](C)O%15)[C@@H](OC(C)=O)C(OC(C)=O)CO%14)c%13=O)cc%10O[R],三氯乙酸亚胺酯法具有反应条件温和、高立体选择性和热稳定性好的优点，一般用AgOTf、TMSOTf和BF3·Et2O为催化剂。但该方法在黄酮氧苷的合成中收率较低，应用较少。 2003年，DuYG等对calabricoside A完成了全合成。在AgOTf催化下，用四乙酰基葡萄糖基三氯乙酰亚胺酯进行了糖基化，产率为52%（图6.95）。 反应条件：AgOTf（催化剂） 类似地，用N-苯基三氟乙酰亚胺酯糖作为糖基化供体，除具有上述的优点外，产率更高些。李明等在BF3·Et2O催化下，用此法对不同类型黄酮的7位进行了糖苷化，产率在64%-90%之间。,##### 6.12.1.3 三氯乙酰亚胺酯糖 || 三氯乙酸亚胺酯法具有反应条件温和、高立体选择性和热稳定性好的优点，一般用AgOTf、TMSOTf和BF3·Et2O为催化剂。但该方法在黄酮氧苷的合成中收率较低，应用较少。 || 2003年，DuYG等对calabricoside A完成了全合成。在AgOTf催化下，用四乙酰基葡萄糖基三氯乙酰亚胺酯进行了糖基化，产率为52%（图6.95）。 || 反应条件：AgOTf（催化剂） || ```smiles,``` || 图6.95 calabricoside A的合成 || 类似地，用N-苯基三氟乙酰亚胺酯糖作为糖基化供体，除具有上述的优点外，产率更高些。李明等在BF3·Et2O催化下，用此法对不同类型黄酮的7位进行了糖苷化，产率在64%-90%之间。
